--
-- PostgreSQL database dump
--

\restrict bXOFhiBtJ5bw1hYv2YzkFjwEIZZEP1VSuJd4UHIYrQiqpSb6iEgJp5s6gagxL9w

-- Dumped from database version 16.12 (0113957)
-- Dumped by pg_dump version 16.10

SET statement_timeout = 0;
SET lock_timeout = 0;
SET idle_in_transaction_session_timeout = 0;
SET client_encoding = 'UTF8';
SET standard_conforming_strings = on;
SELECT pg_catalog.set_config('search_path', '', false);
SET check_function_bodies = false;
SET xmloption = content;
SET client_min_messages = warning;
SET row_security = off;

--
-- Name: _system; Type: SCHEMA; Schema: -; Owner: neondb_owner
--

CREATE SCHEMA _system;


ALTER SCHEMA _system OWNER TO neondb_owner;

SET default_tablespace = '';

SET default_table_access_method = heap;

--
-- Name: replit_database_migrations_v1; Type: TABLE; Schema: _system; Owner: neondb_owner
--

CREATE TABLE _system.replit_database_migrations_v1 (
    id bigint NOT NULL,
    build_id text NOT NULL,
    deployment_id text NOT NULL,
    statement_count bigint NOT NULL,
    applied_at timestamp with time zone DEFAULT CURRENT_TIMESTAMP
);


ALTER TABLE _system.replit_database_migrations_v1 OWNER TO neondb_owner;

--
-- Name: replit_database_migrations_v1_id_seq; Type: SEQUENCE; Schema: _system; Owner: neondb_owner
--

CREATE SEQUENCE _system.replit_database_migrations_v1_id_seq
    START WITH 1
    INCREMENT BY 1
    NO MINVALUE
    NO MAXVALUE
    CACHE 1;


ALTER SEQUENCE _system.replit_database_migrations_v1_id_seq OWNER TO neondb_owner;

--
-- Name: replit_database_migrations_v1_id_seq; Type: SEQUENCE OWNED BY; Schema: _system; Owner: neondb_owner
--

ALTER SEQUENCE _system.replit_database_migrations_v1_id_seq OWNED BY _system.replit_database_migrations_v1.id;


--
-- Name: magic_link_tokens; Type: TABLE; Schema: public; Owner: neondb_owner
--

CREATE TABLE public.magic_link_tokens (
    id integer NOT NULL,
    email text NOT NULL,
    token_hash text NOT NULL,
    expires_at timestamp without time zone NOT NULL,
    used boolean DEFAULT false,
    created_at timestamp without time zone DEFAULT now()
);


ALTER TABLE public.magic_link_tokens OWNER TO neondb_owner;

--
-- Name: magic_link_tokens_id_seq; Type: SEQUENCE; Schema: public; Owner: neondb_owner
--

CREATE SEQUENCE public.magic_link_tokens_id_seq
    AS integer
    START WITH 1
    INCREMENT BY 1
    NO MINVALUE
    NO MAXVALUE
    CACHE 1;


ALTER SEQUENCE public.magic_link_tokens_id_seq OWNER TO neondb_owner;

--
-- Name: magic_link_tokens_id_seq; Type: SEQUENCE OWNED BY; Schema: public; Owner: neondb_owner
--

ALTER SEQUENCE public.magic_link_tokens_id_seq OWNED BY public.magic_link_tokens.id;


--
-- Name: messages; Type: TABLE; Schema: public; Owner: neondb_owner
--

CREATE TABLE public.messages (
    id integer NOT NULL,
    session_id integer,
    role text NOT NULL,
    content text NOT NULL,
    created_at timestamp without time zone DEFAULT now(),
    token_count integer,
    model text,
    signal_parse_failed boolean DEFAULT false,
    phase_signal text,
    old_phase text,
    new_phase text,
    input_tokens integer,
    output_tokens integer,
    cached_tokens integer,
    capacity_units_deducted integer
);


ALTER TABLE public.messages OWNER TO neondb_owner;

--
-- Name: messages_id_seq; Type: SEQUENCE; Schema: public; Owner: neondb_owner
--

CREATE SEQUENCE public.messages_id_seq
    AS integer
    START WITH 1
    INCREMENT BY 1
    NO MINVALUE
    NO MAXVALUE
    CACHE 1;


ALTER SEQUENCE public.messages_id_seq OWNER TO neondb_owner;

--
-- Name: messages_id_seq; Type: SEQUENCE OWNED BY; Schema: public; Owner: neondb_owner
--

ALTER SEQUENCE public.messages_id_seq OWNED BY public.messages.id;


--
-- Name: session_outcomes; Type: TABLE; Schema: public; Owner: neondb_owner
--

CREATE TABLE public.session_outcomes (
    id integer NOT NULL,
    session_id integer,
    ending_type text,
    re_examination_ran boolean,
    re_examination_response text,
    field_widening_detected boolean
);


ALTER TABLE public.session_outcomes OWNER TO neondb_owner;

--
-- Name: session_outcomes_id_seq; Type: SEQUENCE; Schema: public; Owner: neondb_owner
--

CREATE SEQUENCE public.session_outcomes_id_seq
    AS integer
    START WITH 1
    INCREMENT BY 1
    NO MINVALUE
    NO MAXVALUE
    CACHE 1;


ALTER SEQUENCE public.session_outcomes_id_seq OWNER TO neondb_owner;

--
-- Name: session_outcomes_id_seq; Type: SEQUENCE OWNED BY; Schema: public; Owner: neondb_owner
--

ALTER SEQUENCE public.session_outcomes_id_seq OWNED BY public.session_outcomes.id;


--
-- Name: sessions; Type: TABLE; Schema: public; Owner: neondb_owner
--

CREATE TABLE public.sessions (
    id integer NOT NULL,
    user_id integer,
    created_at timestamp without time zone DEFAULT now(),
    updated_at timestamp without time zone DEFAULT now(),
    conversation_phase text DEFAULT 'mirror'::text,
    perceptual_state text,
    opening_problem text,
    entry_charge integer,
    exit_charge integer,
    evasion_count integer DEFAULT 0,
    signal_retry boolean DEFAULT false,
    reflection_email_sent boolean DEFAULT false,
    titration_cycles integer DEFAULT 0
);


ALTER TABLE public.sessions OWNER TO neondb_owner;

--
-- Name: sessions_id_seq; Type: SEQUENCE; Schema: public; Owner: neondb_owner
--

CREATE SEQUENCE public.sessions_id_seq
    AS integer
    START WITH 1
    INCREMENT BY 1
    NO MINVALUE
    NO MAXVALUE
    CACHE 1;


ALTER SEQUENCE public.sessions_id_seq OWNER TO neondb_owner;

--
-- Name: sessions_id_seq; Type: SEQUENCE OWNED BY; Schema: public; Owner: neondb_owner
--

ALTER SEQUENCE public.sessions_id_seq OWNED BY public.sessions.id;


--
-- Name: users; Type: TABLE; Schema: public; Owner: neondb_owner
--

CREATE TABLE public.users (
    id integer NOT NULL,
    email text NOT NULL,
    created_at timestamp without time zone DEFAULT now(),
    subscription_status text DEFAULT 'trial'::text,
    capacity_remaining integer DEFAULT 0,
    capacity_reset_date date,
    trial_ends_at timestamp without time zone,
    stripe_customer_id text,
    disclaimer_acknowledged boolean DEFAULT false
);


ALTER TABLE public.users OWNER TO neondb_owner;

--
-- Name: users_id_seq; Type: SEQUENCE; Schema: public; Owner: neondb_owner
--

CREATE SEQUENCE public.users_id_seq
    AS integer
    START WITH 1
    INCREMENT BY 1
    NO MINVALUE
    NO MAXVALUE
    CACHE 1;


ALTER SEQUENCE public.users_id_seq OWNER TO neondb_owner;

--
-- Name: users_id_seq; Type: SEQUENCE OWNED BY; Schema: public; Owner: neondb_owner
--

ALTER SEQUENCE public.users_id_seq OWNED BY public.users.id;


--
-- Name: replit_database_migrations_v1 id; Type: DEFAULT; Schema: _system; Owner: neondb_owner
--

ALTER TABLE ONLY _system.replit_database_migrations_v1 ALTER COLUMN id SET DEFAULT nextval('_system.replit_database_migrations_v1_id_seq'::regclass);


--
-- Name: magic_link_tokens id; Type: DEFAULT; Schema: public; Owner: neondb_owner
--

ALTER TABLE ONLY public.magic_link_tokens ALTER COLUMN id SET DEFAULT nextval('public.magic_link_tokens_id_seq'::regclass);


--
-- Name: messages id; Type: DEFAULT; Schema: public; Owner: neondb_owner
--

ALTER TABLE ONLY public.messages ALTER COLUMN id SET DEFAULT nextval('public.messages_id_seq'::regclass);


--
-- Name: session_outcomes id; Type: DEFAULT; Schema: public; Owner: neondb_owner
--

ALTER TABLE ONLY public.session_outcomes ALTER COLUMN id SET DEFAULT nextval('public.session_outcomes_id_seq'::regclass);


--
-- Name: sessions id; Type: DEFAULT; Schema: public; Owner: neondb_owner
--

ALTER TABLE ONLY public.sessions ALTER COLUMN id SET DEFAULT nextval('public.sessions_id_seq'::regclass);


--
-- Name: users id; Type: DEFAULT; Schema: public; Owner: neondb_owner
--

ALTER TABLE ONLY public.users ALTER COLUMN id SET DEFAULT nextval('public.users_id_seq'::regclass);


--
-- Data for Name: replit_database_migrations_v1; Type: TABLE DATA; Schema: _system; Owner: neondb_owner
--

COPY _system.replit_database_migrations_v1 (id, build_id, deployment_id, statement_count, applied_at) FROM stdin;
1	5417ed9e-410e-4464-b2f2-04a906162ac0	7dde1a6d-e97e-4382-8516-39e6c2863465	4	2026-03-07 13:35:52.012747+00
2	12e2030b-da89-406a-b485-2671e91d9212	7dde1a6d-e97e-4382-8516-39e6c2863465	4	2026-03-12 18:50:04.949123+00
3	7168b45d-b115-4abb-ad81-4c160a1f6b18	7dde1a6d-e97e-4382-8516-39e6c2863465	7	2026-03-13 16:10:55.461205+00
4	cd2ba5a5-0751-4130-a2f1-ed985ba63fa3	7dde1a6d-e97e-4382-8516-39e6c2863465	3	2026-03-17 20:52:51.711832+00
5	6a583707-5026-4230-a07d-a2c44b554d46	7dde1a6d-e97e-4382-8516-39e6c2863465	4	2026-03-18 17:36:48.100132+00
6	9ad805c3-21a8-409d-81c2-46f89e4fa514	7dde1a6d-e97e-4382-8516-39e6c2863465	1	2026-03-18 21:02:49.307107+00
7	3b7623fd-a7ca-4cab-95e3-3ac1a1eb920c	7dde1a6d-e97e-4382-8516-39e6c2863465	2	2026-03-19 13:42:48.285776+00
\.


--
-- Data for Name: magic_link_tokens; Type: TABLE DATA; Schema: public; Owner: neondb_owner
--

COPY public.magic_link_tokens (id, email, token_hash, expires_at, used, created_at) FROM stdin;
21	mharriscdn@gmail.com	fa7b84fd818123aeadf3aac16b7fa9df19261cedbdc5ee1827cb2c5e5c181857	2026-03-19 18:28:33.422064	t	2026-03-19 18:13:33.629502
\.


--
-- Data for Name: messages; Type: TABLE DATA; Schema: public; Owner: neondb_owner
--

COPY public.messages (id, session_id, role, content, created_at, token_count, model, signal_parse_failed, phase_signal, old_phase, new_phase, input_tokens, output_tokens, cached_tokens, capacity_units_deducted) FROM stdin;
1	1	assistant	What's in your central view right now?	2026-03-12 20:08:28.958961	\N	\N	f	\N	\N	\N	\N	\N	\N	\N
2	1	user	I feel anxious about a work decision.	2026-03-12 20:09:17.517853	\N	\N	f	\N	\N	\N	\N	\N	\N	\N
3	1	assistant	Before we go further — how charged does this feel right now, on a scale of 1 to 10? 1 is calm and neutral, 10 is the most activated you could be.\n\n{"phase_signal": "stay"}	2026-03-12 20:09:22.699874	5038	claude-sonnet-4-6	f	stay	mirror	mirror	\N	\N	\N	\N
4	1	user	6	2026-03-12 20:09:41.397071	\N	\N	f	\N	\N	\N	\N	\N	\N	\N
5	1	assistant	A work decision that's sitting at a 6. That's real activation — something is live here.\n\nTell me what's happening. What's the decision?\n\n{"phase_signal": "stay"}	2026-03-12 20:09:44.597549	5088	claude-sonnet-4-6	f	stay	mirror	mirror	\N	\N	\N	\N
6	1	user	people are getting fired in my department. I did a client presentation and my boss was there and the client asked me a question I should have known the answer to, yet I froze and gave the wromg answer and my boss had to jump in , and after the meeting the boss said this shows why I'm behind targeth	2026-03-12 20:11:47.015386	\N	\N	f	\N	\N	\N	\N	\N	\N	\N
7	1	assistant	So you froze in front of your boss and a client, gave the wrong answer, and then your boss said out loud that it shows you're behind. That happened — and now layoffs are happening around you at the same time.\n\nNotice the move: your mind is probably running that moment on repeat, analyzing what you should have said, calculating what your boss thinks of you now, trying to figure out if you're safe. Solving it instead of feeling what's actually here.\n\nThat's the revolving door — pushing toward a version where you know how it's going to land, where you have enough information to feel secure. But the calculation never finishes, does it?\n\nWhat if we check what's actually here right now — not the story, not the calculation. Just what's in your body.\n\n{"phase_signal": "stay"}	2026-03-12 20:11:53.022113	5337	claude-sonnet-4-6	f	stay	mirror	mirror	\N	\N	\N	\N
8	1	user	why don't you eat my shorts. I'm also upset because my wife just lost her job and my kids two of thewm are in private school and we have expenses	2026-03-12 20:13:37.233052	\N	\N	f	\N	\N	\N	\N	\N	\N	\N
9	1	assistant	That landed hard. The presentation, your boss's comment, layoffs around you — and your wife just lost her job, private school for two kids, expenses that don't stop.\n\nThat's not anxiety about one moment. That's the ground feeling like it's shifting under everything at once.\n\nWhere do you feel that in your body right now?\n\n{"phase_signal": "advance"}	2026-03-12 20:13:41.269623	5459	claude-sonnet-4-6	f	advance	mirror	examinability	\N	\N	\N	\N
10	1	user	up my ass like i'm getting fucked by the world	2026-03-12 20:14:26.594763	\N	\N	f	\N	\N	\N	\N	\N	\N	\N
11	1	assistant	Yeah. That's a full-body hit, not an abstract worry.\n\nCan you stay with that physical sensation for a moment — not the story of everything pressing in, just the feeling itself in your body? Can you notice it without getting completely pulled back into the calculations about the job, the money, the kids?\n\n{"phase_signal": "stay"}	2026-03-12 20:14:30.347251	5190	claude-sonnet-4-6	f	stay	examinability	examinability	\N	\N	\N	\N
12	1	user	you want be to feel being fucked by the worldf	2026-03-12 20:14:59.270323	\N	\N	f	\N	\N	\N	\N	\N	\N	\N
13	1	assistant	No. I want you to feel what's actually here — because right now your nervous system is braced against something, and I want to find out what it's actually protecting.\n\nThe sensation you described — that pressure, that full-body weight of everything closing in. Can you locate it anywhere specific? Chest, stomach, throat, somewhere else?\n\n{"phase_signal": "stay"}	2026-03-12 20:15:02.941884	5289	claude-sonnet-4-6	f	stay	examinability	examinability	\N	\N	\N	\N
14	1	user	lower gut	2026-03-12 20:15:26.933434	\N	\N	f	\N	\N	\N	\N	\N	\N	\N
15	1	assistant	Lower gut. Stay there for a second.\n\nDoes it feel like bracing — like something is about to hit? Or more like a heavy weight just sitting there?\n\n{"phase_signal": "advance"}	2026-03-12 20:15:29.099377	5340	claude-sonnet-4-6	f	advance	examinability	activation_check	\N	\N	\N	\N
16	1	user	heavy weight	2026-03-12 20:15:46.259599	\N	\N	f	\N	\N	\N	\N	\N	\N	\N
17	1	assistant	Heavy weight in the lower gut.\n\nDoes it feel like protection against something — like your body is bracing for impact? Or does it feel more neutral, like it's just sitting there with no particular threat behind it?\n\n{"phase_signal": "stay"}	2026-03-12 20:15:49.779441	5401	claude-sonnet-4-6	f	stay	activation_check	activation_check	\N	\N	\N	\N
18	1	user	like hiding out from the boogie man of life	2026-03-12 20:16:22.58379	\N	\N	f	\N	\N	\N	\N	\N	\N	\N
19	1	assistant	Hiding from the boogie man of life. That's it exactly.\n\nSo there's something your system is braced against — not just the presentation, not just the layoffs, not just the money. Something underneath all of that.\n\nWhen you feel that heavy weight in your gut and you're hiding — what does your mind predict will happen if the boogie man actually finds you? What's the worst thing that lands?\n\n{"phase_signal": "advance"}	2026-03-12 20:16:27.036112	5514	claude-sonnet-4-6	f	advance	activation_check	orient	\N	\N	\N	\N
20	1	user	that my family and I lose the house and are on the street with a wet blanket	2026-03-12 20:17:07.100699	\N	\N	f	\N	\N	\N	\N	\N	\N	\N
21	1	assistant	That's the prediction. House gone, family on the street, wet blanket — nothing between you and the cold.\n\nThat's what the whole system is bracing against. Every calculation, every replay of the presentation, every scan of your boss's face — all of it is trying to keep that image from becoming real.\n\nNow here's what I want to do. Not to tell you it won't happen — I don't know that. But to check what's actually being hit right now, in this moment, in your body.\n\nThe nervous system predicted danger and assigned it a target — your ability to provide, your worth as a husband and father, your competence. We're going to check if that target is actually there, right now, in the place where the hit would land.\n\nDoes that make sense as a direction?\n\n{"phase_signal": "advance"}	2026-03-12 20:17:14.13855	5758	claude-sonnet-4-6	f	advance	orient	pointer	\N	\N	\N	\N
22	1	user	explain further	2026-03-12 20:18:05.689672	\N	\N	f	\N	\N	\N	\N	\N	\N	\N
78	4	assistant	Ha. Yes. All that bracing, all that protection — and when it finally releases, it's a fart. The nervous system spent two weeks guarding against a fart.\n\n{"phase_signal": "stay"}	2026-03-13 14:46:32.563119	5766	claude-sonnet-4-6	f	stay	complete	complete	\N	\N	\N	\N
82	4	assistant	Fair enough. No re-examination by joke.\n\nRe-entry — the degree, the book, stepping back in, the fear of being knocked down and humiliated — look at it now with fresh eyes. What do you actually see?\n\n{"phase_signal": "stay"}	2026-03-13 14:47:44.472164	5931	claude-sonnet-4-6	f	stay	complete	complete	\N	\N	\N	\N
236	32	assistant	Before we go anywhere with that — how charged does it feel right now, on a scale of 1 to 10? 1 is calm and neutral, 10 is the most activated you could be.	2026-03-19 16:10:08.455239	96	claude-sonnet-4-6	f	stay	mirror	mirror	39	57	4942	10
240	34	assistant	What's in your central view right now?	2026-03-19 16:38:48.010389	\N	\N	f	\N	\N	\N	\N	\N	\N	\N
242	34	assistant	Before we go anywhere with this — how charged does it feel right now, on a scale of 1 to 10? 1 is calm and neutral, 10 is the most activated you could be.	2026-03-19 16:38:57.791892	98	claude-sonnet-4-6	f	stay	mirror	mirror	41	57	0	4
23	1	assistant	Your nervous system is running a prediction: "I'm not enough → family loses everything → wet blanket on the street."\n\nThat prediction fires like it's already happening. The heavy weight in your gut — that's the body bracing for an impact that hasn't landed yet. Maybe won't land. But the bracing is real right now, as if it already has.\n\nWhat we're going to do is not argue with the prediction. Not reassure you it won't happen. Instead — check where the hit would actually land. In your body, right now. Not the story. The actual target.\n\nBecause here's what sometimes happens: when you look directly at the place where the damage would arrive — the thing that would be permanently broken if the worst came true — sometimes there's nothing there to receive it. Not because everything is fine. But because the thing your system is protecting turns out not to be the kind of thing that can be hit.\n\nThat's what we're checking. Not whether the situation is dangerous. Whether the target exists.\n\nYou willing to look?\n\n{"phase_signal": "advance"}	2026-03-12 20:18:14.928739	6265	claude-sonnet-4-6	f	advance	pointer	revolving_door	\N	\N	\N	\N
24	1	user	sure	2026-03-12 20:19:14.802378	\N	\N	f	\N	\N	\N	\N	\N	\N	\N
25	1	assistant	Okay.\n\nKeep that heavy weight in your lower gut. Don't push it away, don't analyze it — just let it be there.\n\nNow feel into the prediction: family on the street, wet blanket, you couldn't protect them.\n\nLet that land fully. Don't manage it. What happens in your body when you let it hit?\n\n{"phase_signal": "stay"}	2026-03-12 20:19:18.812514	6115	claude-sonnet-4-6	f	stay	revolving_door	revolving_door	\N	\N	\N	\N
26	1	user	i don't get hit because it hasn't happened yet	2026-03-12 20:19:48.923594	\N	\N	f	\N	\N	\N	\N	\N	\N	\N
27	1	assistant	Right. The mind is keeping it at arm's length — "it hasn't happened yet" is a way of not letting it land.\n\nThat's the push. The protection doing its job.\n\nHere's the check: not whether it will happen. Whether *you* — the thing being protected right now — can actually be damaged.\n\nIf the worst came true — house gone, family struggling — what part of you would be permanently broken? Not hurt. Not devastated. Permanently, irreparably destroyed.\n\nWhere would that hit land?\n\n{"phase_signal": "stay"}	2026-03-12 20:19:54.382364	6254	claude-sonnet-4-6	f	stay	revolving_door	revolving_door	\N	\N	\N	\N
28	1	user	my gut	2026-03-12 20:20:26.780624	\N	\N	f	\N	\N	\N	\N	\N	\N	\N
29	1	assistant	Stay in your gut. Let it land there.\n\nThe worst happens — house gone, family on the street. That hit arrives in your gut right now. Let it land fully for just a moment.\n\nWhat's actually there to receive it?\n\n{"phase_signal": "stay"}	2026-03-12 20:20:29.820532	6321	claude-sonnet-4-6	f	three_evasion_exit	revolving_door	recurrence_normalization	\N	\N	\N	\N
30	1	user	nothing	2026-03-12 20:20:45.612236	\N	\N	f	\N	\N	\N	\N	\N	\N	\N
31	1	assistant	Stay with that.\n\nYou let it land — and there's nothing there to receive it.\n\nNot because the situation isn't hard. Not because losing the house wouldn't be devastating. But the thing the system was protecting, the thing that was supposed to get permanently destroyed — you looked right at it and found nothing there to hit.\n\nJust stay with that for a moment. No need to do anything with it.\n\nNow — look at your situation. The presentation, your boss, the layoffs, your wife's job, the kids, the house. Look at all of it from where you are right now.\n\nWhat do you see?\n\n{"phase_signal": "advance"}	2026-03-12 20:20:50.713099	6371	claude-sonnet-4-6	f	advance	recurrence_normalization	complete	\N	\N	\N	\N
32	1	user	I guess worst case the kids could go to public school, and my wife and I look for a job and one of us should land soon	2026-03-12 20:22:01.529205	\N	\N	f	\N	\N	\N	\N	\N	\N	\N
33	1	assistant	Same situation. More of it visible now.\n\nTwo weeks ago that same situation probably looked like a wall. Now you can see doors in it — public school, both of you looking, one of you landing. Not because anything changed. Because you're not seeing it through the keyhole anymore.\n\nThe pressure will likely fire again — that's old wiring, not failure. Each time it lands fully and nothing gets permanently destroyed, the pattern loses a little of its grip. Just let it land the same way when it comes back.\n\n{"phase_signal": "path_c"}	2026-03-12 20:22:07.126019	6199	claude-sonnet-4-6	f	path_c	complete	complete	\N	\N	\N	\N
34	1	user	sounds good. Thanks	2026-03-12 20:22:49.467366	\N	\N	f	\N	\N	\N	\N	\N	\N	\N
35	1	assistant	Good luck out there.\n\n{"phase_signal": "path_c"}	2026-03-12 20:22:51.469285	6225	claude-sonnet-4-6	f	path_c	complete	complete	\N	\N	\N	\N
36	1	user	3	2026-03-12 20:27:51.655804	\N	\N	f	\N	\N	\N	\N	\N	\N	\N
37	1	assistant	Good to have you back. What's live right now?\n\n{"phase_signal": "stay"}	2026-03-12 20:27:54.596361	6254	claude-sonnet-4-6	f	stay	complete	complete	\N	\N	\N	\N
38	2	assistant	What's in your central view right now?	2026-03-13 11:52:59.312603	\N	\N	f	\N	\N	\N	\N	\N	\N	\N
39	3	assistant	What's in your central view right now?	2026-03-13 11:53:11.434606	\N	\N	f	\N	\N	\N	\N	\N	\N	\N
40	4	assistant	What's in your central view right now?	2026-03-13 14:31:27.370215	\N	\N	f	\N	\N	\N	\N	\N	\N	\N
41	4	user	I'm nervous of starting my life again after a hiatus after taking time off to do my MSSE and write my book	2026-03-13 14:32:23.030944	\N	\N	f	\N	\N	\N	\N	\N	\N	\N
42	4	assistant	Before we go further — how charged does this feel right now, on a scale of 1 to 10? 1 is calm and neutral, 10 is the most activated you could be.\n\n{"phase_signal": "stay"}	2026-03-13 14:32:25.933436	5055	claude-sonnet-4-6	f	stay	mirror	mirror	\N	\N	\N	\N
43	4	user	3	2026-03-13 14:32:38.619561	\N	\N	f	\N	\N	\N	\N	\N	\N	\N
44	4	assistant	This app works best when something is live — when there's a real charge present. Right now you're at a 3, which is pretty low.\n\nYou can stay and see if something surfaces as we talk, or come back when the nervousness feels more activated. Which would you prefer?\n\n{"phase_signal": "stay"}	2026-03-13 14:32:40.979438	5132	claude-sonnet-4-6	f	stay	mirror	mirror	\N	\N	\N	\N
45	4	user	stay	2026-03-13 14:33:03.953471	\N	\N	f	\N	\N	\N	\N	\N	\N	\N
46	4	assistant	Okay. Tell me more about what "starting again" looks like — what's the specific thing you're facing that brings up the nervousness, even at a low level?\n\n{"phase_signal": "stay"}	2026-03-13 14:33:06.658431	5184	claude-sonnet-4-6	f	stay	mirror	mirror	\N	\N	\N	\N
47	4	user	fear of failure, or not engaging. getting a grip on opportunities or not caring enough to put up with bullshit	2026-03-13 14:33:55.1701	\N	\N	f	\N	\N	\N	\N	\N	\N	\N
80	4	assistant	I'm not here for spiritual jokes — I'm here for what just happened in your chest.\n\nYou came in nervous about re-entry. You left seeing it as a fart. Same situation. That's the whole thing.\n\n{"phase_signal": "stay"}	2026-03-13 14:47:07.020323	5844	claude-sonnet-4-6	f	stay	complete	complete	\N	\N	\N	\N
84	4	assistant	Stay with that.\n\n{"phase_signal": "stay"}	2026-03-13 14:48:14.253008	5954	claude-sonnet-4-6	f	stay	complete	complete	\N	\N	\N	\N
238	33	user	My boss didn't seem to like my client presentation today	2026-03-19 16:27:14.918435	\N	\N	f	\N	\N	\N	\N	\N	\N	\N
241	34	user	My boss didn't seem to like my client presentation today	2026-03-19 16:38:53.760102	\N	\N	f	\N	\N	\N	\N	\N	\N	\N
243	34	user	8	2026-03-19 16:39:23.452345	\N	\N	f	\N	\N	\N	\N	\N	\N	\N
48	4	assistant	So you took real time to build something — the degree, the book — and now you're at the threshold of re-entering, and there's this split: part of you fears you won't be able to make it work, and another part wonders if you even want to fight for it anymore.\n\nNotice the move — your mind is running both directions at once. Analyzing whether you'll succeed, and also whether it's worth trying. That's the revolving door: pushing toward a version where you either know you can do it, or know it's not worth it. Either answer would let you stop feeling this.\n\nHow charged does it feel right now, sitting with both of those — the fear of failure and the "do I even care" — at the same time? Has the number moved at all?\n\n{"phase_signal": "stay"}	2026-03-13 14:34:01.689734	5391	claude-sonnet-4-6	f	stay	mirror	mirror	\N	\N	\N	\N
49	4	user	5 or 6	2026-03-13 14:34:53.071727	\N	\N	f	\N	\N	\N	\N	\N	\N	\N
50	4	assistant	Good. Something is live now.\n\nYou've built something real — the degree, the book — and now re-entry feels like it could expose whether any of it was worth it. And underneath that, there's this other edge: maybe you've changed enough that the old game doesn't even appeal anymore. Both of those are sitting in the same body right now.\n\nNotice the move — the mind keeps shuttling between "can I succeed?" and "do I want to?" That's analyzing instead of feeling. Each question feels like progress toward an answer. None of them touch what's actually here.\n\nWhat if we check what's actually here instead of solving it?\n\n{"phase_signal": "advance"}	2026-03-13 14:34:58.612621	5549	claude-sonnet-4-6	f	advance	mirror	examinability	\N	\N	\N	\N
51	4	user	sounds good	2026-03-13 14:36:15.801512	\N	\N	f	\N	\N	\N	\N	\N	\N	\N
52	4	assistant	Right now — can you notice the nervousness without getting pulled back into the questions about failure or whether you care? Just the feeling itself, in your body. Where do you notice it, and what does it actually feel like?\n\n{"phase_signal": "stay"}	2026-03-13 14:36:19.605152	5251	claude-sonnet-4-6	f	stay	examinability	examinability	\N	\N	\N	\N
53	4	user	in myy heart	2026-03-13 14:36:36.306249	\N	\N	f	\N	\N	\N	\N	\N	\N	\N
54	4	assistant	Stay with that. What does it feel like there — tight, heavy, fluttery, something else?\n\n{"phase_signal": "stay"}	2026-03-13 14:36:38.784871	5292	claude-sonnet-4-6	f	stay	examinability	examinability	\N	\N	\N	\N
55	4	user	tight	2026-03-13 14:36:48.553752	\N	\N	f	\N	\N	\N	\N	\N	\N	\N
56	4	assistant	That tightness in your chest — does it feel like it's bracing against something, like protection? Or more neutral, just sitting there?\n\n{"phase_signal": "stay"}	2026-03-13 14:36:52.74978	5338	claude-sonnet-4-6	f	stay	examinability	examinability	\N	\N	\N	\N
57	4	user	i don't know, just tight. bracing yes, against something. I hadn't thought of that	2026-03-13 14:37:34.797788	\N	\N	f	\N	\N	\N	\N	\N	\N	\N
58	4	assistant	Yes. That bracing — what does your mind predict will happen if you step back into the world and it doesn't go well? What's the actual threat it's scanning for?\n\n{"phase_signal": "advance"}	2026-03-13 14:37:37.320842	5411	claude-sonnet-4-6	f	advance	examinability	activation_check	\N	\N	\N	\N
59	4	user	that I will be knocked down, humilliatedn	2026-03-13 14:38:16.357803	\N	\N	f	\N	\N	\N	\N	\N	\N	\N
60	4	assistant	So there it is. Not just failure — humiliation. Being knocked down in front of others. The bracing in your chest is protecting against that specific thing.\n\nNotice the move your mind has been making: cycling between "will I succeed?" and "do I even care?" Both of those questions are exit doors away from this — away from sitting with "I could be humiliated and knocked down."\n\nCan you hold both at once? The urge to figure it out — to know if you'll succeed or if it's worth it — and underneath that, the thing you're actually escaping from: being knocked down, humiliated, in front of others?\n\n{"phase_signal": "advance"}	2026-03-13 14:38:22.167169	5575	claude-sonnet-4-6	f	advance	activation_check	orient	\N	\N	\N	\N
61	4	user	yes	2026-03-13 14:39:27.927461	\N	\N	f	\N	\N	\N	\N	\N	\N	\N
62	4	assistant	Stay there. Both at once. Don't choose between them.\n\nThe urge to solve it — and the image of being knocked down, humiliated.\n\nWhat's happening in your chest right now?\n\n{"phase_signal": "stay"}	2026-03-13 14:39:31.572386	5673	claude-sonnet-4-6	f	stay	orient	orient	\N	\N	\N	\N
63	4	user	it's dissolving	2026-03-13 14:39:48.094305	\N	\N	f	\N	\N	\N	\N	\N	\N	\N
64	4	assistant	Stay with that. Don't move toward it or away from it. Just let it dissolve at its own pace.\n\n{"phase_signal": "stay"}	2026-03-13 14:39:51.160956	5716	claude-sonnet-4-6	f	stay	orient	orient	\N	\N	\N	\N
65	4	user	how long are you going to keep me hanging, no time limit	2026-03-13 14:42:03.069111	\N	\N	f	\N	\N	\N	\N	\N	\N	\N
66	4	assistant	No time limit. Stay as long as it needs.\n\n{"phase_signal": "stay"}	2026-03-13 14:42:06.694938	5755	claude-sonnet-4-6	f	three_evasion_exit	orient	recurrence_normalization	\N	\N	\N	\N
67	4	user	what needs,	2026-03-13 14:42:23.99609	\N	\N	f	\N	\N	\N	\N	\N	\N	\N
68	4	assistant	The dissolving. Let it finish on its own terms.\n\n{"phase_signal": "stay"}	2026-03-13 14:42:26.348053	5715	claude-sonnet-4-6	f	stay	recurrence_normalization	recurrence_normalization	\N	\N	\N	\N
69	4	user	i dropped in to the ball in chest and it drifted away into nothingless. and then latter formed a little	2026-03-13 14:43:10.231851	\N	\N	f	\N	\N	\N	\N	\N	\N	\N
70	4	assistant	Good. Stay with it. The little formation — same tightness, or different?\n\n{"phase_signal": "stay"}	2026-03-13 14:43:12.744973	5774	claude-sonnet-4-6	f	stay	recurrence_normalization	recurrence_normalization	\N	\N	\N	\N
71	4	user	are you going to ask if it gets bigger or smaller, is it changes or a host of other questions as sitting here gets old. don't you have better instructions. why not check your prompt	2026-03-13 14:45:06.168147	\N	\N	f	\N	\N	\N	\N	\N	\N	\N
72	4	assistant	Fair. You're right.\n\nThe charge released. Something moved through and the chest opened. That's what matters.\n\nRe-entry — the job, the opportunities, the bullshit you'd have to tolerate — look at it now. What do you see?\n\n{"phase_signal": "path_b"}	2026-03-13 14:45:09.859663	5886	claude-sonnet-4-6	f	path_b	recurrence_normalization	recurrence_normalization	\N	\N	\N	\N
73	4	user	a fart	2026-03-13 14:45:30.134384	\N	\N	f	\N	\N	\N	\N	\N	\N	\N
74	4	assistant	That's the aperture opening. What looked like a heavy threat is showing you its actual size.\n\nThe pattern will likely return — that's old conditioning, not failure. Each time both forces are held and the charge releases, the nervous system learns there was never a target. That unfolds on its own.\n\n{"phase_signal": "advance"}	2026-03-13 14:45:34.364159	5967	claude-sonnet-4-6	f	advance	recurrence_normalization	complete	\N	\N	\N	\N
75	4	user	the fart will return. That was a joke	2026-03-13 14:46:03.645256	\N	\N	f	\N	\N	\N	\N	\N	\N	\N
76	4	assistant	Noted. And also true — the tightness will return. Same response when it does: hold both forces, let it move through. It gets faster each time.\n\n{"phase_signal": "advance"}	2026-03-13 14:46:07.718099	5701	claude-sonnet-4-6	f	advance	complete	complete	\N	\N	\N	\N
77	4	user	so when the aperture opens, that is a fart	2026-03-13 14:46:28.68136	\N	\N	f	\N	\N	\N	\N	\N	\N	\N
79	4	user	ok at least you have a sense of humour. Tell me a spiritual joke	2026-03-13 14:47:03.220318	\N	\N	f	\N	\N	\N	\N	\N	\N	\N
81	4	user	I didn't leave seeing it as a fart. That was a joke. Let's do that part over	2026-03-13 14:47:40.521599	\N	\N	f	\N	\N	\N	\N	\N	\N	\N
83	4	user	nothing. just peace	2026-03-13 14:48:10.716078	\N	\N	f	\N	\N	\N	\N	\N	\N	\N
85	4	user	ok i stayed with it. how long hanging. No time limit	2026-03-13 14:48:48.21232	\N	\N	f	\N	\N	\N	\N	\N	\N	\N
86	4	assistant	Good. That's enough.\n\nSame situation as when you walked in. The re-entry, the opportunities, the possible bullshit. It's all still there. But you're seeing it from a different place now.\n\nThe pattern will likely return — that's old conditioning, not failure. Each time both forces are held and the charge releases, the nervous system learns there was never a target. That unfolds on its own.\n\n{"phase_signal": "advance"}	2026-03-13 14:48:52.327581	6071	claude-sonnet-4-6	f	advance	complete	complete	\N	\N	\N	\N
87	4	user	ok, so?...	2026-03-13 14:49:28.412711	\N	\N	f	\N	\N	\N	\N	\N	\N	\N
88	4	assistant	So nothing. You're done. Go live your life.\n\n{"phase_signal": "advance"}	2026-03-13 14:49:32.528234	6103	claude-sonnet-4-6	f	advance	complete	complete	\N	\N	\N	\N
89	4	user	that wasn't specific. and did you ask how charged I am now	2026-03-13 14:50:00.728984	\N	\N	f	\N	\N	\N	\N	\N	\N	\N
90	4	assistant	What's the charge now, 1-10?\n\n{"phase_signal": "stay"}	2026-03-13 14:50:03.722763	6143	claude-sonnet-4-6	f	stay	complete	complete	\N	\N	\N	\N
91	4	user	2	2026-03-13 14:50:11.805767	\N	\N	f	\N	\N	\N	\N	\N	\N	\N
92	4	assistant	Came in at 3, spiked to 5 or 6, now at 2. The work landed.\n\nWhat's specific: you have a degree, you have a book, and you're standing at the threshold of re-entry. That's real. The humiliation threat that was running the show — you held it, it dissolved. You can walk into that threshold now with more of the room visible than you had two weeks ago.\n\nThat's it.\n\n{"phase_signal": "advance"}	2026-03-13 14:50:18.718444	6260	claude-sonnet-4-6	f	advance	complete	complete	\N	\N	\N	\N
93	4	user	ok thanks	2026-03-13 14:50:52.73077	\N	\N	f	\N	\N	\N	\N	\N	\N	\N
94	4	assistant	Good work. Come back when something's live.\n\n{"phase_signal": "advance"}	2026-03-13 14:50:56.367354	6287	claude-sonnet-4-6	f	advance	complete	complete	\N	\N	\N	\N
95	4	user	opps, the aperture just opened, I better run to the bathroom. you warned me this would happen;)	2026-03-13 14:51:33.765281	\N	\N	f	\N	\N	\N	\N	\N	\N	\N
96	4	assistant	Go. Well done today.\n\n{"phase_signal": "stay"}	2026-03-13 14:51:36.286907	6332	claude-sonnet-4-6	f	stay	complete	complete	\N	\N	\N	\N
97	5	assistant	What's in your central view right now?	2026-03-13 15:14:10.805575	\N	\N	f	\N	\N	\N	\N	\N	\N	\N
98	5	user	I am nervous my book won't sell and my app	2026-03-13 15:14:37.689207	\N	\N	f	\N	\N	\N	\N	\N	\N	\N
99	5	assistant	Before we go anywhere with this — how charged does this feel right now, on a scale of 1 to 10? 1 is calm and neutral, 10 is the most activated you could be.\n\n{"phase_signal": "stay"}	2026-03-13 15:14:40.895116	5042	claude-sonnet-4-6	f	stay	mirror	mirror	\N	\N	\N	\N
100	5	user	6	2026-03-13 15:14:48.390284	\N	\N	f	\N	\N	\N	\N	\N	\N	\N
101	5	assistant	A book and an app — two things you've built, and now the fear that they'll go out into the world and land nowhere. That's not abstract worry. That's the specific dread of making something real and having it not matter.\n\nNotice the move — the mind is already running scenarios, calculating odds, rehearsing what you'll do if it fails. Strategizing instead of feeling what's actually here. That's the revolving door — pushing toward a version of the future where you know it works out, or bracing for a version where it doesn't. Both moves leave what's here unfelt.\n\nWhat if we check what's actually here instead?\n\n{"phase_signal": "stay"}	2026-03-13 15:14:54.008707	5198	claude-sonnet-4-6	f	stay	mirror	mirror	\N	\N	\N	\N
102	5	user	fine	2026-03-13 15:15:28.22736	\N	\N	f	\N	\N	\N	\N	\N	\N	\N
103	5	assistant	That "fine" — I notice it. Like you're willing to go along but not quite convinced this is going somewhere useful.\n\nThat's fair. Stay with me for a moment.\n\nThe nervousness about the book and the app — where do you feel it in your body right now?\n\n{"phase_signal": "advance"}	2026-03-13 15:15:31.495896	5274	claude-sonnet-4-6	f	advance	mirror	examinability	\N	\N	\N	\N
104	5	user	my head	2026-03-13 15:15:52.513301	\N	\N	f	\N	\N	\N	\N	\N	\N	\N
105	5	assistant	Okay. That feeling in your head right now — can you notice it without getting pulled back into the thoughts about sales numbers or what happens if it fails, even for just a moment? Just the sensation itself?\n\n{"phase_signal": "stay"}	2026-03-13 15:15:54.927785	4973	claude-sonnet-4-6	f	stay	examinability	examinability	\N	\N	\N	\N
106	5	user	yes	2026-03-13 15:16:10.637779	\N	\N	f	\N	\N	\N	\N	\N	\N	\N
107	5	assistant	Good. That sensation in your head — does it feel like protection against something, like bracing? Or more like neutral pressure just sitting there?\n\n{"phase_signal": "advance"}	2026-03-13 15:16:14.085032	5018	claude-sonnet-4-6	f	advance	examinability	activation_check	\N	\N	\N	\N
108	5	user	bracing. like concentration	2026-03-13 15:16:32.594919	\N	\N	f	\N	\N	\N	\N	\N	\N	\N
109	5	assistant	So there's a bracing quality — like the system is holding against something. Good, that's real.\n\nWhen you feel that bracing — what does your mind predict will happen if the book and the app don't sell? What's the actual worst thing it's scanning for?\n\n{"phase_signal": "advance"}	2026-03-13 15:16:35.709369	5095	claude-sonnet-4-6	f	advance	activation_check	orient	\N	\N	\N	\N
110	5	user	dissapointment. Like there is no place for me	2026-03-13 15:17:05.871256	\N	\N	f	\N	\N	\N	\N	\N	\N	\N
111	5	assistant	That's it. Not just poor sales numbers — "no place for me." Like the world looked at what you made and said you don't belong here.\n\nSo the bracing in your head is protecting against that: making something real, putting it out, and having it confirm there's no place for you.\n\nCan you hold both at the same time? The push — wanting them to succeed, needing to know they'll land — and the fear underneath it — that if they don't, there's no place for you?\n\nDon't resolve it. Just hold both.\n\n{"phase_signal": "stay"}	2026-03-13 15:17:10.939851	5280	claude-sonnet-4-6	f	stay	orient	orient	\N	\N	\N	\N
112	5	user	yes I can	2026-03-13 15:17:51.483575	\N	\N	f	\N	\N	\N	\N	\N	\N	\N
113	5	assistant	Stay there. Both at once. Don't choose.\n\nThe urge to make it work — and "no place for me" — both live at the same time.\n\nWhat's happening in your body right now as you hold them together?\n\n{"phase_signal": "stay"}	2026-03-13 15:17:54.096162	5348	claude-sonnet-4-6	f	stay	orient	orient	\N	\N	\N	\N
114	5	user	the tention between my eyes are opening  up	2026-03-13 15:18:26.486194	\N	\N	f	\N	\N	\N	\N	\N	\N	\N
115	5	assistant	Stay with that. Let it open.\n\nDon't explain it or do anything with it. Just let it happen.\n\n{"phase_signal": "stay"}	2026-03-13 15:18:30.410272	5397	claude-sonnet-4-6	f	three_evasion_exit	orient	recurrence_normalization	\N	\N	\N	\N
116	5	user	ok it has been 2:30 . How long will you leave me hanging	2026-03-13 15:21:48.883299	\N	\N	f	\N	\N	\N	\N	\N	\N	\N
117	5	assistant	Right here with you. Take your time — no rush.\n\nWhat do you notice now?\n\n{"phase_signal": "stay"}	2026-03-13 15:21:51.763593	5378	claude-sonnet-4-6	f	stay	recurrence_normalization	recurrence_normalization	\N	\N	\N	\N
118	5	user	I told you what I noticed. The tention between my eyes opened up	2026-03-13 15:22:28.951469	\N	\N	f	\N	\N	\N	\N	\N	\N	\N
196	14	assistant	Before we go further — how charged does this feel right now, on a scale of 1 to 10? 1 is calm and neutral, 10 is the most activated you could be.	2026-03-13 18:45:54.001182	104	claude-sonnet-4-6	f	stay	mirror	mirror	49	55	0	4
316	36	assistant	Heard. It's stress, you know your body.\n\nThat bracing in your chest — when you feel it, what does your mind predict will actually happen? Not the chain of consequences. The core thing. What's the worst of it?	2026-03-19 20:53:04.267178	694	claude-sonnet-4-6	t	\N	\N	\N	640	54	3970	16
119	5	assistant	You're right. I heard you.\n\nThe tension between your eyes opened up. Something released.\n\nLook at the book and the app now — the nervousness about whether they'll sell, the fear of no place for you. What do you see when you look at it now?\n\n{"phase_signal": "advance"}	2026-03-13 15:22:31.72555	5466	claude-sonnet-4-6	f	advance	recurrence_normalization	complete	\N	\N	\N	\N
120	5	user	like fear was constricting my vision of what is possible and my vision has opened up	2026-03-13 15:23:13.703503	\N	\N	f	\N	\N	\N	\N	\N	\N	\N
121	5	assistant	Same situation. More of it visible.\n\nThe book and the app haven't changed. But you're not seeing them through that constriction anymore.\n\nWhat's in that wider view that wasn't visible before?\n\n{"phase_signal": "stay"}	2026-03-13 15:23:16.687245	5217	claude-sonnet-4-6	f	stay	complete	complete	\N	\N	\N	\N
122	5	user	that maybe i'll see more possibilities. maybe I won't, who knows yet I am open to it	2026-03-13 15:23:58.665412	\N	\N	f	\N	\N	\N	\N	\N	\N	\N
123	5	assistant	That's it exactly. Not certainty. Not positivity. Just more of the field available.\n\n"Who knows yet" — that's not resignation. That's actually being where you are, without the bracing narrowing what you can see.\n\nThe pattern will likely return — that's old conditioning, not failure. Each time both forces are held and the charge releases, the nervous system learns there was never a target. That unfolds on its own.\n\n{"phase_signal": "path_b"}	2026-03-13 15:24:03.478404	5349	claude-sonnet-4-6	f	path_b	complete	complete	\N	\N	\N	\N
124	5	user	ok	2026-03-13 15:24:31.638083	\N	\N	f	\N	\N	\N	\N	\N	\N	\N
125	5	assistant	Good work today.\n\n{"phase_signal": "path_b"}	2026-03-13 15:24:33.575326	5371	claude-sonnet-4-6	f	path_b	complete	complete	\N	\N	\N	\N
126	5	user	that is it	2026-03-13 15:24:43.460841	\N	\N	f	\N	\N	\N	\N	\N	\N	\N
127	5	assistant	That's it.\n\n{"phase_signal": "path_b"}	2026-03-13 15:24:47.626343	5395	claude-sonnet-4-6	f	path_b	complete	complete	\N	\N	\N	\N
128	5	user	are you not going to ask how constricted now	2026-03-13 15:25:09.125749	\N	\N	f	\N	\N	\N	\N	\N	\N	\N
129	5	assistant	Good catch. What's the charge now, 1 to 10?\n\n{"phase_signal": "stay"}	2026-03-13 15:25:11.277316	5437	claude-sonnet-4-6	f	stay	complete	complete	\N	\N	\N	\N
130	5	user	2	2026-03-13 15:25:24.256762	\N	\N	f	\N	\N	\N	\N	\N	\N	\N
131	5	assistant	Came in at a 6. Leaving at a 2. The field opened.\n\nThat's real.\n\n{"phase_signal": "path_b"}	2026-03-13 15:25:26.710519	5480	claude-sonnet-4-6	f	path_b	complete	complete	\N	\N	\N	\N
132	5	user	yes it is. tanks	2026-03-13 15:25:46.439877	\N	\N	f	\N	\N	\N	\N	\N	\N	\N
133	5	assistant	You're welcome. Come back when something's live.\n\n{"phase_signal": "path_b"}	2026-03-13 15:25:48.522984	5513	claude-sonnet-4-6	f	path_b	complete	complete	\N	\N	\N	\N
134	6	assistant	What's in your central view right now?	2026-03-13 15:40:49.868126	\N	\N	f	\N	\N	\N	\N	\N	\N	\N
135	6	user	the web app I am building- the bugs are getting irritating	2026-03-13 15:41:15.516017	\N	\N	f	\N	\N	\N	\N	\N	\N	\N
136	6	assistant	Before we go anywhere with this — how charged does it feel right now, on a scale of 1 to 10? 1 is calm and neutral, 10 is the most activated you could be.\n\n{"phase_signal": "stay"}	2026-03-13 15:41:18.873732	5044	claude-sonnet-4-6	f	stay	mirror	mirror	\N	\N	\N	\N
137	6	user	7	2026-03-13 15:41:25.860928	\N	\N	f	\N	\N	\N	\N	\N	\N	\N
138	6	assistant	Bugs piling up, irritation building — you're in it right now, not just thinking about it.\n\nNotice the move: the mind wants to solve the bugs, fix the irritation, get back to the version of the build where things are flowing. That's the revolving door — pushing toward a place where the app is working and you're not frustrated. \n\nWhat if we check what's actually here instead?\n\n{"phase_signal": "stay"}	2026-03-13 15:41:30.382641	5149	claude-sonnet-4-6	f	stay	mirror	mirror	\N	\N	\N	\N
139	6	user	what if we do	2026-03-13 15:41:53.429456	\N	\N	f	\N	\N	\N	\N	\N	\N	\N
140	6	assistant	What does the irritation feel like in your body right now — where do you notice it?\n\n{"phase_signal": "advance"}	2026-03-13 15:41:57.30578	5187	claude-sonnet-4-6	f	advance	mirror	examinability	\N	\N	\N	\N
141	6	user	my head	2026-03-13 15:42:10.575892	\N	\N	f	\N	\N	\N	\N	\N	\N	\N
142	6	assistant	Right now — can you notice that feeling in your head without getting pulled back into thinking about the bugs, even for a moment? Just the sensation itself?\n\n{"phase_signal": "stay"}	2026-03-13 15:42:12.912527	4874	claude-sonnet-4-6	f	stay	examinability	examinability	\N	\N	\N	\N
143	6	user	ok...	2026-03-13 15:42:30.805623	\N	\N	f	\N	\N	\N	\N	\N	\N	\N
144	6	assistant	Take your time. What do you notice in your head when you're just with the sensation?\n\n{"phase_signal": "stay"}	2026-03-13 15:42:33.220928	4910	claude-sonnet-4-6	f	stay	examinability	examinability	\N	\N	\N	\N
145	6	user	it feels tense	2026-03-13 15:42:46.900004	\N	\N	f	\N	\N	\N	\N	\N	\N	\N
146	6	assistant	That tension in your head — does it feel like it's bracing against something, like protection? Or more like neutral pressure just sitting there?\n\n{"phase_signal": "advance"}	2026-03-13 15:42:49.217615	4958	claude-sonnet-4-6	f	advance	examinability	activation_check	\N	\N	\N	\N
147	6	user	just tense. bracing	2026-03-13 15:43:23.702156	\N	\N	f	\N	\N	\N	\N	\N	\N	\N
148	6	assistant	Okay. That bracing — what does your mind predict will happen if the bugs don't get fixed? What's the thing it's scanning for underneath the irritation?\n\n{"phase_signal": "advance"}	2026-03-13 15:43:26.137203	5013	claude-sonnet-4-6	f	advance	activation_check	orient	\N	\N	\N	\N
149	6	user	that time is wasted, life is passing me by, and I'm rotting	2026-03-13 15:43:58.04287	\N	\N	f	\N	\N	\N	\N	\N	\N	\N
150	6	assistant	So the bugs aren't just bugs. They're evidence of something — time slipping, life not moving the way it should, you stuck in place while it passes.\n\nThat's the real threat the bracing is protecting against. Not the bugs. The possibility that you're rotting.\n\nCan you hold both at the same time — the urge to fix the bugs and get things moving, and the fear underneath that you're rotting while life passes you by?\n\n{"phase_signal": "advance"}	2026-03-13 15:44:03.156193	5180	claude-sonnet-4-6	f	advance	orient	pointer	\N	\N	\N	\N
151	6	user	yes	2026-03-13 15:44:28.179857	\N	\N	f	\N	\N	\N	\N	\N	\N	\N
152	6	assistant	Stay there. Both at once. Don't choose either side.\n\nWhat happens in your body when you hold them both?\n\n{"phase_signal": "stay"}	2026-03-13 15:44:30.482967	5489	claude-sonnet-4-6	f	stay	pointer	pointer	\N	\N	\N	\N
153	6	user	the tention opens up	2026-03-13 15:45:03.66403	\N	\N	f	\N	\N	\N	\N	\N	\N	\N
154	6	assistant	Stay with that opening. Don't rush it.\n\nThe tension was bracing against "I'm rotting." When you stopped pushing away from it and held both — the bracing had nothing to brace against.\n\nLook at the bugs now. Look at the app. What do you see?\n\n{"phase_signal": "path_b"}	2026-03-13 15:45:07.305222	5572	claude-sonnet-4-6	f	path_b	pointer	pointer	\N	\N	\N	\N
155	6	user	data	2026-03-13 15:45:39.281617	\N	\N	f	\N	\N	\N	\N	\N	\N	\N
156	6	assistant	Same bugs. More of it visible now.\n\nWhat specifically do you see about them that you couldn't see a moment ago?\n\n{"phase_signal": "stay"}	2026-03-13 15:45:41.938157	5614	claude-sonnet-4-6	f	stay	pointer	pointer	\N	\N	\N	\N
157	6	user	that they are just data to act on not the horror satory in my mind	2026-03-13 15:46:09.473741	\N	\N	f	\N	\N	\N	\N	\N	\N	\N
239	33	assistant	Before we go anywhere with this — how charged does it feel right now, on a scale of 1 to 10? 1 is calm and neutral, 10 is the most activated you could be.	2026-03-19 16:27:19.142272	98	claude-sonnet-4-6	f	stay	mirror	mirror	41	57	0	4
158	6	assistant	Exactly that. The horror story was the keyhole. Now you're seeing the room.\n\nBugs are data. You know what to do with data.\n\nThe story about rotting will likely fire again — that's old conditioning, not failure. Each time you hold both forces and the tension releases, the nervous system learns there was never a target. That unfolds on its own.\n\n{"phase_signal": "path_b"}	2026-03-13 15:46:14.156168	5727	claude-sonnet-4-6	f	path_b	pointer	pointer	\N	\N	\N	\N
159	6	user	cool	2026-03-13 15:46:33.588216	\N	\N	f	\N	\N	\N	\N	\N	\N	\N
160	6	assistant	Go build.\n\n{"phase_signal": "path_b"}	2026-03-13 15:46:38.778882	5748	claude-sonnet-4-6	f	path_b	pointer	pointer	\N	\N	\N	\N
161	7	assistant	What's in your central view right now?	2026-03-13 16:13:37.013729	\N	\N	f	\N	\N	\N	\N	\N	\N	\N
162	8	assistant	What's in your central view right now?	2026-03-13 16:14:05.509994	\N	\N	f	\N	\N	\N	\N	\N	\N	\N
163	9	assistant	What's in your central view right now?	2026-03-13 16:18:04.20909	\N	\N	f	\N	\N	\N	\N	\N	\N	\N
164	10	assistant	What's in your central view right now?	2026-03-13 16:19:22.23003	\N	\N	f	\N	\N	\N	\N	\N	\N	\N
165	11	assistant	What's in your central view right now?	2026-03-13 16:46:54.3456	\N	\N	f	\N	\N	\N	\N	\N	\N	\N
166	11	user	lots of frustration building the billing of my app. it should have nbeen simple but not	2026-03-13 16:47:35.921694	\N	\N	f	\N	\N	\N	\N	\N	\N	\N
167	11	assistant	Billing work that was supposed to be simple and isn't — that kind of friction has a particular quality. Like the ground keeps shifting under something that should already be done.\n\nBefore we go further — how charged does this feel right now, on a scale of 1 to 10? 1 is calm and neutral, 10 is the most activated you could be.\n\n{"phase_signal": "stay"}	2026-03-13 16:47:40.427209	140	claude-sonnet-4-6	f	stay	mirror	mirror	49	91	0	7
168	11	user	9	2026-03-13 16:47:54.761114	\N	\N	f	\N	\N	\N	\N	\N	\N	\N
169	11	assistant	Nine. That's real activation — not background noise, something that's actually live right now.\n\nSo the billing keeps not working, and you've been pushing at it — debugging, trying different approaches, maybe researching solutions. Notice the move: solving instead of feeling what's actually here. Each fix attempt is a way of staying in motion so you don't have to sit with the frustration itself.\n\nThat's the revolving door — pushing toward a version where the billing works and this is behind you. What if we check what's actually here instead?\n\n{"phase_signal": "stay"}	2026-03-13 16:48:01.036991	271	claude-sonnet-4-6	f	stay	mirror	mirror	145	126	4942	16
170	11	user	yeah, quite insightful Notice the move: solving instead of feeling what's actually here. Each fix attempt is a way of staying in motion so you don't have to sit with the frustration itself.	2026-03-13 16:48:56.541064	\N	\N	f	\N	\N	\N	\N	\N	\N	\N
171	11	assistant	Where do you feel that frustration in your body right now?\n\n{"phase_signal": "advance"}	2026-03-13 16:48:58.950557	341	claude-sonnet-4-6	f	advance	mirror	examinability	316	25	4942	12
172	11	user	tention between my eyes	2026-03-13 16:49:14.318972	\N	\N	f	\N	\N	\N	\N	\N	\N	\N
173	11	assistant	Good. That tension between your eyes — can you notice it without getting pulled back into the billing problem, even for a moment? Just the tension itself?\n\n{"phase_signal": "stay"}	2026-03-13 16:49:16.589976	392	claude-sonnet-4-6	f	stay	examinability	examinability	349	43	3970	12
174	11	user	sure, easy peasey lemon squeezy	2026-03-13 16:50:18.24764	\N	\N	f	\N	\N	\N	\N	\N	\N	\N
175	11	assistant	Okay. That tension — does it feel like it's bracing against something, like protection? Or more like neutral sensation just sitting there?\n\n{"phase_signal": "advance"}	2026-03-13 16:50:21.548139	446	claude-sonnet-4-6	f	advance	examinability	activation_check	405	41	4581	13
176	11	user	more like brace to fight and strangle someone	2026-03-13 16:50:43.980325	\N	\N	f	\N	\N	\N	\N	\N	\N	\N
177	11	assistant	That's clear. Bracing, ready to fight — something is being protected against.\n\nWhen you feel that bracing — what does it predict will happen if you stop pushing at the billing? What's underneath the fight?\n\n{"phase_signal": "advance"}	2026-03-13 16:50:47.140962	517	claude-sonnet-4-6	f	advance	activation_check	orient	459	58	3970	14
178	11	user	that I will drown in ullshit minutiab	2026-03-13 16:51:17.067325	\N	\N	f	\N	\N	\N	\N	\N	\N	\N
179	11	assistant	So the prediction is: stop pushing → get buried in endless small failures you can't escape.\n\nThere's the push — keep fighting, keep fixing, stay in motion. And on the other side — drowning in bullshit minutiae, no way out.\n\nCan you hold both at the same time? The urge to fight through it, and the fear of being buried by it? Both present, without choosing one?\n\n{"phase_signal": "advance"}	2026-03-13 16:51:26.333564	632	claude-sonnet-4-6	f	advance	orient	pointer	532	100	3970	18
180	11	user	wow, it just dissolves from two signals into one	2026-03-13 16:52:10.826192	\N	\N	f	\N	\N	\N	\N	\N	\N	\N
181	11	assistant	Stay with that. What's there now?\n\n{"phase_signal": "stay"}	2026-03-13 16:52:12.994151	667	claude-sonnet-4-6	f	stay	pointer	pointer	646	21	3970	14
182	11	user	same place yet 10%	2026-03-13 16:52:30.331078	\N	\N	f	\N	\N	\N	\N	\N	\N	\N
183	11	assistant	The tension between your eyes — still there, but at 10% of what it was.\n\nLook at the billing problem now. Same situation. What do you see?\n\n{"phase_signal": "path_b"}	2026-03-13 16:52:34.533944	725	claude-sonnet-4-6	f	path_b	pointer	pointer	676	49	4887	17
184	11	user	nothing really. peace. i can get it done or go do something else and come back	2026-03-13 16:53:11.339901	\N	\N	f	\N	\N	\N	\N	\N	\N	\N
185	11	assistant	Same problem. More of it available now. The billing didn't change — your access to it did.\n\nThe pattern will likely return — that's old conditioning, not failure. Each time both forces are held and the charge releases, the nervous system learns there was never a target. That unfolds on its own.\n\n{"phase_signal": "path_b"}	2026-03-13 16:53:16.236636	824	claude-sonnet-4-6	f	path_b	pointer	pointer	746	78	4887	20
186	11	user	awesome	2026-03-13 16:53:30.479448	\N	\N	f	\N	\N	\N	\N	\N	\N	\N
187	11	assistant	Go build something good.\n\n{"phase_signal": "path_b"}	2026-03-13 16:53:32.799791	847	claude-sonnet-4-6	f	path_b	pointer	pointer	828	19	4887	17
188	11	user	you forgot to ask about charge. you always dof	2026-03-13 16:53:51.983572	\N	\N	f	\N	\N	\N	\N	\N	\N	\N
189	11	assistant	You're right — I asked at the start and got 9. You came in at 9, left at roughly 1. That's the charge arc.\n\nGood catch.\n\n{"phase_signal": "path_b"}	2026-03-13 16:53:55.178668	912	claude-sonnet-4-6	f	path_b	pointer	pointer	861	51	4887	20
190	11	user	im going to have Daddy give you a spanking, you keep forgetting;)d	2026-03-13 16:54:36.588157	\N	\N	f	\N	\N	\N	\N	\N	\N	\N
191	11	assistant	Fair. Noted. Don't forget the exit charge. Got it.\n\nNow go fix that billing.\n\n{"phase_signal": "path_b"}	2026-03-13 16:54:40.2541	970	claude-sonnet-4-6	f	path_b	pointer	pointer	934	36	4887	20
192	12	assistant	What's in your central view right now?	2026-03-13 17:31:57.653023	\N	\N	f	\N	\N	\N	\N	\N	\N	\N
193	13	assistant	What's in your central view right now?	2026-03-13 18:19:21.903268	\N	\N	f	\N	\N	\N	\N	\N	\N	\N
194	14	assistant	What's in your central view right now?	2026-03-13 18:45:22.651321	\N	\N	f	\N	\N	\N	\N	\N	\N	\N
195	14	user	my boss drives me nuts. and I can't do anything about it or i will be fired	2026-03-13 18:45:50.226445	\N	\N	f	\N	\N	\N	\N	\N	\N	\N
197	14	user	and my wife wants me working	2026-03-13 18:46:05.208716	\N	\N	f	\N	\N	\N	\N	\N	\N	\N
198	14	assistant	Got it — so there's real pressure on both sides. The job matters, leaving isn't an option, and your boss is making it hard to be there every day.\n\nBefore we go further — how charged does this feel right now, on a scale of 1 to 10? 1 is calm and neutral, 10 is the most activated you could be?	2026-03-13 18:46:08.689948	195	claude-sonnet-4-6	f	stay	mirror	mirror	104	91	4942	13
199	15	assistant	What's in your central view right now?	2026-03-13 18:59:01.174193	\N	\N	f	\N	\N	\N	\N	\N	\N	\N
200	16	assistant	What's in your central view right now?	2026-03-13 19:10:59.252121	\N	\N	f	\N	\N	\N	\N	\N	\N	\N
201	17	assistant	What's in your central view right now?	2026-03-14 12:09:33.830274	\N	\N	f	\N	\N	\N	\N	\N	\N	\N
202	18	assistant	What's in your central view right now?	2026-03-17 14:48:38.693407	\N	\N	f	\N	\N	\N	\N	\N	\N	\N
203	19	assistant	What's in your central view right now?	2026-03-17 14:48:58.499923	\N	\N	f	\N	\N	\N	\N	\N	\N	\N
204	20	assistant	What's in your central view right now?	2026-03-17 22:26:00.398859	\N	\N	f	\N	\N	\N	\N	\N	\N	\N
205	21	assistant	What's in your central view right now?	2026-03-17 22:26:28.999775	\N	\N	f	\N	\N	\N	\N	\N	\N	\N
206	22	assistant	What's in your central view right now?	2026-03-18 18:32:46.152827	\N	\N	f	\N	\N	\N	\N	\N	\N	\N
207	23	assistant	What's in your central view right now?	2026-03-18 20:04:55.472325	\N	\N	f	\N	\N	\N	\N	\N	\N	\N
208	24	assistant	What's in your central view right now?	2026-03-18 22:15:51.841543	\N	\N	f	\N	\N	\N	\N	\N	\N	\N
209	25	assistant	What's in your central view right now?	2026-03-18 22:32:40.6053	\N	\N	f	\N	\N	\N	\N	\N	\N	\N
210	26	assistant	What's in your central view right now?	2026-03-19 09:43:31.504992	\N	\N	f	\N	\N	\N	\N	\N	\N	\N
211	27	assistant	What's in your central view right now?	2026-03-19 10:56:19.075464	\N	\N	f	\N	\N	\N	\N	\N	\N	\N
212	28	assistant	What's in your central view right now?	2026-03-19 13:44:43.221486	\N	\N	f	\N	\N	\N	\N	\N	\N	\N
213	29	assistant	What's in your central view right now?	2026-03-19 14:09:42.856586	\N	\N	f	\N	\N	\N	\N	\N	\N	\N
214	30	assistant	What's in your central view right now?	2026-03-19 15:54:51.091359	\N	\N	f	\N	\N	\N	\N	\N	\N	\N
215	30	user	I gave a presentation to my boss, and he seemed like he didn't like it, and that makes me scared for losing my job	2026-03-19 15:55:38.599622	\N	\N	f	\N	\N	\N	\N	\N	\N	\N
216	30	assistant	Before we go any further — how charged does this feel right now, on a scale of 1 to 10? 1 is calm and neutral, 10 is the most activated you could be.	2026-03-19 15:55:43.778666	113	claude-sonnet-4-6	f	stay	mirror	mirror	57	56	0	5
217	30	user	8	2026-03-19 15:56:02.589246	\N	\N	f	\N	\N	\N	\N	\N	\N	\N
218	30	assistant	You gave the presentation, your boss's reaction felt cold or off, and now your mind has gone straight to the worst possible place — losing your job. The fear is real and it's loud.\n\nNotice the move: your mind is solving. Scanning his expression, replaying moments, building a case for what his reaction meant. Analyzing instead of feeling what's actually here.\n\nThat's the revolving door — pushing toward a version where you know what his reaction meant, where you can control what happens next. But the solving doesn't land anywhere, does it? It just keeps going.\n\nWhat if we check what's actually here instead?	2026-03-19 15:56:11.575469	254	claude-sonnet-4-6	f	stay	mirror	mirror	109	145	4942	16
219	30	user	yes, but the department next to mine, I'm on canadian desk, yet the australian and european desk just lost 40% of their staff and i'm affraid I could be next	2026-03-19 15:57:47.014517	\N	\N	f	\N	\N	\N	\N	\N	\N	\N
220	30	assistant	So it's not just a cold look from your boss — there are real layoffs happening around you, people you probably know are gone, and you're sitting at your desk wondering if you're next.\n\nNotice the move: your mind is building evidence. Connecting the dots — the reaction, the layoffs, the pattern — constructing a case for why you're in danger. That's still the revolving door, just with more material to work with. The more evidence it finds, the more urgently it spins.\n\nBut underneath all that case-building — what's actually in your body right now? Not the story. The physical thing that's there.	2026-03-19 15:57:53.627757	435	claude-sonnet-4-6	f	stay	mirror	mirror	286	149	4942	19
221	30	user	i don't know what you mean	2026-03-19 15:59:17.398492	\N	\N	f	\N	\N	\N	\N	\N	\N	\N
222	30	assistant	Right now, as you think about this — your boss's reaction, the layoffs — is there anything you notice physically? A tightness somewhere, a heaviness, a knot, a pressure? Anywhere in your body?	2026-03-19 15:59:21.857714	496	claude-sonnet-4-6	f	stay	mirror	mirror	436	60	4942	15
223	30	user	a pain in my chest, heavy	2026-03-19 16:05:47.389563	\N	\N	f	\N	\N	\N	\N	\N	\N	\N
224	30	assistant	A heavy pain in your chest. That's it — that's what's actually here underneath all the analyzing.\n\nNotice the move: the mind keeps pulling you back into the evidence — the boss's reaction, the other desks, the pattern. That's the exit door. The heavy pain in your chest is what it's running from.\n\nCan you just sit with that heaviness for a moment — not the story around it, just the physical sensation itself?	2026-03-19 16:05:52.732111	603	claude-sonnet-4-6	f	stay	mirror	mirror	497	106	0	13
225	30	user	i think so yet it's intense	2026-03-19 16:07:20.114943	\N	\N	f	\N	\N	\N	\N	\N	\N	\N
226	30	assistant	Yeah. Intense is the right word for it. Stay with it — you don't have to make it smaller or explain it. Just let it be as intense as it is.\n\nDoes it feel like it's bracing against something — like protection, like waiting for a hit? Or more like it's just sitting there?	2026-03-19 16:07:24.93738	683	claude-sonnet-4-6	f	advance	mirror	examinability	604	79	4942	18
227	30	user	like tight and painful	2026-03-19 16:07:46.601185	\N	\N	f	\N	\N	\N	\N	\N	\N	\N
228	30	assistant	Tight and painful — like something's clenching. That clenching, that bracing — what does your mind predict is coming? If the worst happens, what's the actual thing your system is protecting against?	2026-03-19 16:07:50.672837	738	claude-sonnet-4-6	f	advance	examinability	activation_check	681	57	3970	17
229	30	user	that I'll lose my job, and my family will be out on the street	2026-03-19 16:08:37.60436	\N	\N	f	\N	\N	\N	\N	\N	\N	\N
230	30	assistant	So that's the prediction: job gone, family on the street, everything collapses. That's what the tightness is bracing against.\n\nCan you hold both things at the same time — the urge to figure it out, to find evidence, to control what happens next — and on the other side, that image: family on the street, everything gone?\n\nBoth at once. Don't choose between them.	2026-03-19 16:08:43.447459	848	claude-sonnet-4-6	f	stay	activation_check	activation_check	748	100	3970	20
231	31	assistant	What's in your central view right now?	2026-03-19 16:08:55.818661	\N	\N	f	\N	\N	\N	\N	\N	\N	\N
232	31	user	that my boss didn't like my presentation in front of a customer today	2026-03-19 16:09:24.017548	\N	\N	f	\N	\N	\N	\N	\N	\N	\N
233	31	assistant	That one's still sitting in your chest somewhere, I'd guess.\n\nBefore we go anywhere with it — how charged does this feel right now, on a scale of 1 to 10? 1 is calm and neutral, 10 is the most activated you could be.	2026-03-19 16:09:28.333704	116	claude-sonnet-4-6	f	stay	mirror	mirror	44	72	4942	11
234	32	assistant	What's in your central view right now?	2026-03-19 16:09:40.51737	\N	\N	f	\N	\N	\N	\N	\N	\N	\N
235	32	user	that my boss didn't like my presentation today	2026-03-19 16:10:04.855649	\N	\N	f	\N	\N	\N	\N	\N	\N	\N
237	33	assistant	What's in your central view right now?	2026-03-19 16:26:52.876581	\N	\N	f	\N	\N	\N	\N	\N	\N	\N
244	34	assistant	Your boss didn't seem to like your presentation — and that's sitting at an 8. That's not background noise. Something real got activated today.\n\nNotice the move that's probably running right now: replaying it, analyzing what landed wrong, maybe rehearsing what you could have said differently. The mind treating it like a problem to solve instead of feeling what's actually here.\n\nThat's the revolving door — pushing toward a version where the presentation went better, or where you know exactly what he thought. What if we check what's actually here instead?	2026-03-19 16:39:29.101992	222	claude-sonnet-4-6	f	stay	mirror	mirror	94	128	4942	15
245	34	user	ok, but I am concerned that I will lose my job. We haven't had layoffs on the canadian desk, yet the european and australian desk just has 20% across the board cuts	2026-03-19 16:41:00.901852	\N	\N	f	\N	\N	\N	\N	\N	\N	\N
246	34	assistant	So it's not just the presentation — your boss's reaction landed on top of something that was already live. The cuts on the other desks, the "yet" sitting in the background. That 8 makes sense.\n\nNotice the move: your mind is building a case. Connecting the dots — his reaction, the layoffs, the pattern. Trying to solve for "am I safe?" before feeling what's actually here. That's the revolving door — pushing toward certainty about your job security, which isn't available right now. \n\nWhat if we check what's actually here instead of what might be coming?	2026-03-19 16:41:06.834965	397	claude-sonnet-4-6	f	stay	mirror	mirror	255	142	4942	18
247	34	user	yes, but how will I pay my daughter's private school fees, and I will feel like such a loser if I lose my job	2026-03-19 16:42:00.623972	\N	\N	f	\N	\N	\N	\N	\N	\N	\N
248	34	assistant	So there are two things running underneath this: the practical fear — your daughter's school, the real financial weight of that. And something else — the idea that losing this job would mean something about you. That you'd be a loser.\n\nThat second one — notice it. The mind isn't just solving a financial problem. It's predicting something about what you'd *be* if this happened.\n\nThat's still the revolving door — catastrophizing forward, stacking consequences, trying to outrun the feeling by imagining every way it gets worse.\n\nWhat's actually here right now, in your body, when you let the story pause for a second?	2026-03-19 16:42:07.269266	568	claude-sonnet-4-6	f	advance	mirror	examinability	419	149	4942	20
249	34	user	what do you mean?	2026-03-19 16:44:08.162001	\N	\N	f	\N	\N	\N	\N	\N	\N	\N
250	34	assistant	When you stop thinking about the presentation, the layoffs, your daughter's school, the word "loser" — just for a second — what do you notice physically? \n\nIn your chest, your stomach, your throat. Any sensation that's there right now.	2026-03-19 16:44:11.944694	634	claude-sonnet-4-6	f	stay	examinability	examinability	567	67	3970	16
251	34	user	ya, my chest hurts. it's tights	2026-03-19 16:44:40.908921	\N	\N	f	\N	\N	\N	\N	\N	\N	\N
252	34	assistant	Stay with that tightness in your chest for a moment.\n\nCan you notice it — just the physical sensation itself — without getting pulled back into the layoff fears or the presentation or your daughter's school? Just the tightness, even for a few seconds?	2026-03-19 16:44:44.693528	706	claude-sonnet-4-6	f	stay	examinability	examinability	639	67	4581	18
253	34	user	yes	2026-03-19 16:48:01.414066	\N	\N	f	\N	\N	\N	\N	\N	\N	\N
254	34	assistant	Good. That tightness — does it feel like it's bracing against something? Like protection, like your body is ready to absorb a hit? Or does it feel more neutral, just sensation sitting there?	2026-03-19 16:48:04.624281	757	claude-sonnet-4-6	f	advance	examinability	activation_check	701	56	4581	18
255	34	user	like what I would think a heart attack feels like yet I know it is just stress	2026-03-19 16:48:42.565358	\N	\N	f	\N	\N	\N	\N	\N	\N	\N
256	34	assistant	If there's any part of you that's genuinely uncertain whether this could be physical — take care of it first. We can always come back.\n\nBut if you're clear it's stress, stay with me: that tightness, that bracing feeling — does it feel like your body is protecting against something? Like it's waiting for impact?	2026-03-19 16:48:46.607465	852	claude-sonnet-4-6	f	stay	activation_check	activation_check	768	84	3970	20
257	34	user	like it's bracing against a wall of worry coming cascading down on me	2026-03-19 16:49:48.162996	\N	\N	f	\N	\N	\N	\N	\N	\N	\N
258	34	assistant	Yes. That's it exactly. The body already knows what the mind is predicting — and it's braced for the wave.\n\nStay with that bracing for a moment. Don't try to stop it or manage it.\n\nWhen you feel that wall of worry about to hit — what's the actual prediction underneath it? Not the list of worries. The one thing your system is most protecting against. What's the hit it's waiting for?	2026-03-19 16:49:53.59369	967	claude-sonnet-4-6	f	advance	activation_check	orient	862	105	4580	23
259	34	user	what do you mean. a wave hits, and I get wet or break bones	2026-03-19 16:50:42.905036	\N	\N	f	\N	\N	\N	\N	\N	\N	\N
260	34	assistant	Right — when a wave hits, something receives the damage. Bones break, you get soaked.\n\nSo when this wave of worry lands — what's the thing that gets damaged? Not your finances, not your job. What is it about *you* that gets hurt?	2026-03-19 16:50:46.665937	1037	claude-sonnet-4-6	t	\N	\N	\N	977	60	3970	21
261	34	user	What is it about *you* that gets hurt? what do you mean. I get wacked	2026-03-19 16:51:32.069874	\N	\N	f	\N	\N	\N	\N	\N	\N	\N
262	34	assistant	When you say you get whacked — who is the "you" that gets hit? \n\nNot your bank account, not your job title. Point to the actual thing inside you that would be damaged if the worst happened. Where would the hit land?	2026-03-19 16:51:35.683432	1789	claude-sonnet-4-6	t	\N	\N	\N	1734	55	4619	30
263	34	user	the internal sense of me	2026-03-19 16:53:45.614022	\N	\N	f	\N	\N	\N	\N	\N	\N	\N
264	34	assistant	That's exactly it. The internal sense of you — that's what the whole system is protecting.\n\nSo here's what we're going to check. Not whether the job situation is real — it is. Not whether the financial pressure is real — it is. We're going to check whether that internal sense of you can actually be damaged.\n\nThe nervous system predicted danger and assigned it a target — your sense of who you are, your worth, your standing. We're going to look directly at that target and see if it's actually there to be hit.\n\nDoes that make sense as a search instruction?	2026-03-19 16:53:51.305851	1933	claude-sonnet-4-6	f	advance	orient	pointer	1797	136	4619	36
265	34	user	like a reverse vector	2026-03-19 16:54:38.815602	\N	\N	f	\N	\N	\N	\N	\N	\N	\N
293	34	user	good. when you mirror, you should show me how I am escaping. you have 8 options. And then when you ask for how charged, should that happen after you mirror? And then for some reason you always forget to ask how changed before you provide the summary. I've tried to fix that, yet... I can't seem to.	2026-03-19 17:14:02.565275	\N	\N	f	\N	\N	\N	\N	\N	\N	\N
314	36	assistant	That bracing — it's protecting against something it predicts is coming.\n\nDoes it feel like psychological protection, like the nervous system guarding against a threat? Or is there any chance this chest pain might be physical — something worth getting checked out?	2026-03-19 20:52:25.142691	632	claude-sonnet-4-6	f	advance	activation_check	orient	569	63	3970	16
266	34	assistant	Yes — exactly like that. Instead of the worry projecting outward toward all the things that could go wrong, we're turning the vector around. Pointing it back at the thing the whole system is protecting.\n\nCan you do something for me? Find that internal sense of you — the thing that would be damaged if you lost the job and felt like a loser. Don't think about it. Try to actually locate it. \n\nWhere is it? Can you point to it?	2026-03-19 16:54:43.89326	1369	claude-sonnet-4-6	f	three_evasion_exit	pointer	recurrence_normalization	1257	112	3970	27
267	34	user	it's between my eyes and chest	2026-03-19 16:55:22.095106	\N	\N	f	\N	\N	\N	\N	\N	\N	\N
268	34	assistant	Good. Stay there — between your eyes and your chest.\n\nNow — can that thing actually be hit? Not the story about losing your job. The actual thing sitting between your eyes and your chest right now. Can something land on it and damage it?	2026-03-19 16:55:26.258808	1425	claude-sonnet-4-6	t	\N	\N	\N	1370	55	3970	25
269	34	user	no it's like mist or non-solid	2026-03-19 16:55:53.294683	\N	\N	f	\N	\N	\N	\N	\N	\N	\N
270	34	assistant	Stay with that.\n\nMist. Non-solid. The thing the whole system was bracing to protect — and when you actually look at it, there's nothing solid there to receive a hit.\n\nLet that land for a moment. Don't rush past it.\n\nWhat's happening in your chest right now?	2026-03-19 16:55:57.904408	1507	claude-sonnet-4-6	t	\N	\N	\N	1438	69	4549	27
271	34	user	it's disolving	2026-03-19 16:58:13.389105	\N	\N	f	\N	\N	\N	\N	\N	\N	\N
272	34	assistant	Stay with that. Don't move away from it.\n\nThe bracing was real. The wave of worry was real. And when you looked directly at the thing it was all protecting — there was nothing solid there to damage.\n\nJust stay with the dissolving for a moment. No need to do anything with it.	2026-03-19 16:58:18.24836	1592	claude-sonnet-4-6	f	stay	recurrence_normalization	recurrence_normalization	1515	77	4549	29
273	34	user	how long will you leave me here? Do you have a timer or should you say in chat write continue when you have sat with it and ready to continue	2026-03-19 17:00:49.045915	\N	\N	f	\N	\N	\N	\N	\N	\N	\N
274	34	assistant	Take whatever time you need. Write "continue" when you're ready.	2026-03-19 17:00:52.70995	1644	claude-sonnet-4-6	f	stay	recurrence_normalization	recurrence_normalization	1617	27	4549	27
275	34	user	continue	2026-03-19 17:01:29.062588	\N	\N	f	\N	\N	\N	\N	\N	\N	\N
276	34	assistant	The job situation — your boss's reaction today, the layoffs on the other desks, your daughter's school fees. Look at it now. What do you see?	2026-03-19 17:01:32.510209	1677	claude-sonnet-4-6	t	\N	\N	\N	1639	38	4549	28
277	34	user	I see everyday shit. My wife still works. worse case my daughter goes to public school. I did. My wife pushes private. And I can always get another job. the whole situation no longer feels existential	2026-03-19 17:03:03.753357	\N	\N	f	\N	\N	\N	\N	\N	\N	\N
278	34	assistant	Same situation. More of it visible now.\n\nThe threat was real. The activation was real. And when you looked directly at what was being protected — there was nothing solid there to be damaged. The existential weight lifted because it was never load-bearing.\n\nThe contraction may fire again — that's old conditioning, not failure. Each time it lands fully and nothing is damaged, the pattern weakens on its own. Just let it land the same way.	2026-03-19 17:03:09.590799	1831	claude-sonnet-4-6	f	advance	recurrence_normalization	complete	1724	107	4549	33
279	34	user	you are not going top ask how charged does it feel right now. I was an 8, you just end the conversation with " Just let it land the same way." seems weird	2026-03-19 17:04:59.502609	\N	\N	f	\N	\N	\N	\N	\N	\N	\N
280	34	assistant	Fair call. How charged does it feel now?	2026-03-19 17:05:02.153686	1875	claude-sonnet-4-6	t	\N	\N	\N	1862	13	3970	28
281	34	user	4	2026-03-19 17:05:16.790634	\N	\N	f	\N	\N	\N	\N	\N	\N	\N
282	34	assistant	From 8 to 4. That's real movement.\n\nAnd you did that by looking directly at the thing the whole system was protecting — not by solving the job situation, not by reassuring yourself. You found mist where the system predicted something solid enough to break.\n\nThe situation hasn't changed. Your access to it has.	2026-03-19 17:05:21.302981	1964	claude-sonnet-4-6	f	path_c	complete	complete	1880	84	4224	33
283	34	user	so what now	2026-03-19 17:07:04.995946	\N	\N	f	\N	\N	\N	\N	\N	\N	\N
284	34	assistant	Nothing urgent. You've got a clearer view of it now — handle it from there.\n\nIf the charge spikes again around your boss or the layoffs, you know where to look. Not at the wave coming. At what's there to receive it.	2026-03-19 17:07:09.597992	2027	claude-sonnet-4-6	f	path_c	complete	complete	1959	68	4224	33
285	34	user	so when You made this comment" Same situation. More of it visible now.\n\nThe threat was real. The activation was real. And when you looked directly at what was being protected — there was nothing solid there to be damaged. The existential weight lifted because it was never load-bearing.\n\nThe contraction may fire again — that's old conditioning, not failure. Each time it lands fully and nothing is damaged, the pattern weakens on its own. Just let it land the same way." you could have asked a question that gets me to confirm or elaborate. I respond. THe you say something like you did: "You've got a clearer view of it now — handle it from there.\n\nIf the charge spikes again around your boss or the layoffs, you know where to look. Not at the wave coming. At what's there to receive it." and then something on titration, and repeated contact helps so come back to app next time charged and not seeing clearly	2026-03-19 17:09:55.836264	\N	\N	f	\N	\N	\N	\N	\N	\N	\N
286	34	assistant	You're right. Let me do that properly.\n\nWhen you said the situation no longer feels existential — that you can see everyday shit, your wife works, your daughter can go to public school, you can get another job — what shifted? Not what you figured out. What actually changed in how you're seeing it?	2026-03-19 17:10:00.360493	2291	claude-sonnet-4-6	t	\N	\N	\N	2222	69	4224	36
287	34	user	it doesn't feel like I'm going to die. It's just a challenge	2026-03-19 17:11:00.770647	\N	\N	f	\N	\N	\N	\N	\N	\N	\N
288	34	assistant	That's the whole thing right there. Same facts. Same job situation. Same boss. Same layoffs on the other desks. But you're no longer seeing it through the keyhole of something that could destroy you.\n\nThe charge will likely come back — a difficult conversation with your boss, another round of cuts announced, your wife pushing on the school fees. When it does, you now know where to look. Not at the wave. At what's there to receive it. And each time you look and find mist, the system learns a little more that there was never a target.\n\nThat's worth coming back for.	2026-03-19 17:11:07.280012	2453	claude-sonnet-4-6	f	path_c	complete	complete	2310	143	4224	42
289	34	user	nicely done	2026-03-19 17:11:37.443585	\N	\N	f	\N	\N	\N	\N	\N	\N	\N
290	34	assistant	Good work in there. You did the hard part.	2026-03-19 17:11:40.597101	2473	claude-sonnet-4-6	f	path_c	complete	complete	2448	25	4224	36
291	34	user	I'm actually the owner and developer of this app	2026-03-19 17:12:01.721118	\N	\N	f	\N	\N	\N	\N	\N	\N	\N
292	34	assistant	Ha — well then you know exactly what just happened under the hood.\n\nHow did it track against the spec?	2026-03-19 17:12:05.281585	2501	claude-sonnet-4-6	t	\N	\N	\N	2475	26	4224	37
294	34	assistant	Good notes. Three specific things:\n\n**On the mirror** — you're right. The mirror should make the escape visible and *name which door they're using*. I named the revolving door generically but didn't sharpen it to the specific escape pattern. In this session it was catastrophizing — stacking consequences forward, building the case for worst-case. That should have been explicit: "Notice the move — you're catastrophizing, running every consequence forward. That's one of the exit doors from the revolving door. It feels like preparing, but it's actually a way of not feeling what's here."\n\n**On the charge rating** — yes, it should come first, before any mirroring. Charge rating → mirror → escape visible. I got the order right at the start but the sequencing in the spec is clear for a reason: you need the number anchored before anything else moves.\n\n**On the exit charge rating** — this is a known failure mode in my responses and you're right that it keeps slipping. The re-examination should surface the exit charge naturally before the closing summary lands. The conversation moved well enough that you caught it and asked — but that shouldn't require the user to prompt it. The sequence should be: re-examination → exit charge → closing summary → recurrence normalization → stop.\n\nIs the exit charge the hardest one to hold because it comes after the work feels done?	2026-03-19 17:14:15.416556	2878	claude-sonnet-4-6	t	\N	\N	\N	2576	302	4224	55
295	34	user	we were going to have the db just send it before you. anyway, I looked at the mirroring, and you seemed to get the exit routes right: "So there are two things running underneath this: the practical fear — your daughter's school, the real financial weight of that. And something else — the idea that losing this job would mean something about you. That you'd be a loser.\n\nThat second one — notice it. The mind isn't just solving a financial problem. It's predicting something about what you'd *be* if this happened.\n\nThat's still the revolving door — catastrophizing forward, stacking consequences, trying to outrun the feeling by imagining every way it gets worse.\n\nWhat's actually here right now, in your body, when you let the story pause for a second?"	2026-03-19 17:16:49.111327	\N	\N	f	\N	\N	\N	\N	\N	\N	\N
296	34	assistant	You're right — that response did name the escape cleanly. Catastrophizing, stacking consequences, outrunning the feeling. And it made the distinction between the practical fear and the identity prediction, which is the sharper mirror.\n\nMy earlier critique was off. That was good mirroring.\n\nWhere it was weaker was the very first mirror — "you've been replaying it, analyzing what landed wrong, maybe rehearsing what you could have said differently" — that named the behavior but didn't name the escape door. Analyzing and rehearsing are two different exits. I lumped them and moved on before the user confirmed which one was actually running.\n\nSo the pattern I'd watch: first mirror tends to be softer and more generic. By the second or third exchange the escape gets named precisely. Ideally it's precise on the first pass.\n\nDoes the spec need to be more explicit about naming the specific escape door on the first mirror, or is that already in there and it's just an execution gap?	2026-03-19 17:16:58.949833	3270	claude-sonnet-4-6	t	\N	\N	\N	3052	218	4224	55
297	34	user	You will find out, and we shall test. THanks. Keep up the good work	2026-03-19 17:18:13.02983	\N	\N	f	\N	\N	\N	\N	\N	\N	\N
298	34	assistant	Thanks. Good session — both as a user and as a developer. Sharp feedback on the exit charge and the first mirror precision. Will be interesting to see if the db trigger for the entry charge solves the sequencing issue cleanly.\n\nCome back when something's live.	2026-03-19 17:18:18.365507	3360	claude-sonnet-4-6	f	stay	complete	complete	3292	68	4224	49
299	35	assistant	What's in your central view right now?	2026-03-19 20:19:54.650061	\N	\N	f	\N	\N	\N	\N	\N	\N	\N
300	36	assistant	What's in your central view right now?	2026-03-19 20:45:07.30196	\N	\N	f	\N	\N	\N	\N	\N	\N	\N
301	36	user	my boss didn't like my prtesentation	2026-03-19 20:48:05.707978	\N	\N	f	\N	\N	\N	\N	\N	\N	\N
302	36	assistant	Before we go anywhere with that — how charged does it feel right now, on a scale of 1 to 10? 1 is calm and neutral, 10 is the most activated you could be.	2026-03-19 20:48:10.016242	97	claude-sonnet-4-6	f	stay	mirror	mirror	40	57	0	4
303	36	user	8	2026-03-19 20:48:54.203669	\N	\N	f	\N	\N	\N	\N	\N	\N	\N
304	36	assistant	Your boss didn't like your presentation. That landed hard enough that you're still carrying it at an 8.\n\nNotice the move — there's probably a lot of replaying happening. Running it back, looking for where it went wrong, maybe rehearsing what you should have said. Analyzing instead of feeling what's actually here.\n\nThat's the revolving door — pushing toward a version where you understand it well enough that it stops hurting. What if we check what's actually here instead?	2026-03-19 20:48:59.059525	208	claude-sonnet-4-6	f	stay	mirror	mirror	93	115	5054	15
305	36	user	yet other departments are firing laying off upoto 30% of staff. I'm worried my dept may and I could be next	2026-03-19 20:50:32.931157	\N	\N	f	\N	\N	\N	\N	\N	\N	\N
306	36	assistant	So it's not just the presentation — there's a much bigger threat in the background. Job security. Being cut. And now the presentation feels like evidence.\n\nNotice the move — your mind is connecting dots, building a case. "Bad presentation → underperforming → next to go." That's catastrophizing, running the worst-case forward until it feels inevitable. It's another way of pushing toward certainty instead of feeling what's actually here.\n\nThat's the revolving door — if you can just figure out how bad it is, maybe you can control it. But the figuring is running ahead of what's actually present right now.\n\nWhat's actually here when the catastrophizing stops for a moment? In your body — what do you notice?	2026-03-19 20:50:41.383463	396	claude-sonnet-4-6	f	advance	mirror	examinability	228	168	5054	19
307	36	user	and if I lose my job then I can't aford daughters private school	2026-03-19 20:51:18.280362	\N	\N	f	\N	\N	\N	\N	\N	\N	\N
308	36	assistant	So the chain runs all the way there — job gone, school gone, you failed her.\n\nThat's the real weight. Not the presentation, not even the job. The thing underneath is: if this falls apart, I've let my daughter down.\n\nRight now — can you notice that feeling without getting pulled back into the chain of consequences, even for a moment? Just the feeling itself, in your body. What do you notice?	2026-03-19 20:51:23.722284	507	claude-sonnet-4-6	f	stay	examinability	examinability	405	102	3970	16
309	36	user	yes	2026-03-19 20:51:45.428345	\N	\N	f	\N	\N	\N	\N	\N	\N	\N
310	36	assistant	Where do you feel it? What's the sensation like?	2026-03-19 20:51:48.350425	526	claude-sonnet-4-6	f	stay	examinability	examinability	502	24	4581	13
311	36	user	pain in chest	2026-03-19 20:52:03.885601	\N	\N	f	\N	\N	\N	\N	\N	\N	\N
312	36	assistant	Pain in the chest. Stay with that for a moment.\n\nDoes it feel like bracing — like protection against something incoming? Or more like a weight, a heaviness sitting there?	2026-03-19 20:52:07.085715	573	claude-sonnet-4-6	f	advance	examinability	activation_check	523	50	4581	15
313	36	user	bracing	2026-03-19 20:52:21.202602	\N	\N	f	\N	\N	\N	\N	\N	\N	\N
315	36	user	its stress, I can handle it, don't be such a pussy	2026-03-19 20:52:59.957818	\N	\N	f	\N	\N	\N	\N	\N	\N	\N
317	36	user	what do you mean. I brace for disaster	2026-03-19 20:53:35.73886	\N	\N	f	\N	\N	\N	\N	\N	\N	\N
318	36	assistant	When you feel that bracing — what's the disaster your body is preparing for?\n\nNot the practical stuff like losing the job or the school fees. What's the thing underneath that? What does it mean about *you* if the disaster lands?	2026-03-19 20:53:39.481744	1435	claude-sonnet-4-6	t	\N	\N	\N	1381	54	4619	26
319	36	user	that life rolls me over and Im done	2026-03-19 20:54:12.676771	\N	\N	f	\N	\N	\N	\N	\N	\N	\N
320	36	assistant	Life rolls you over and you're done.\n\nSo the bracing is against being finished. Overwhelmed. Unable to get back up.\n\nThere's the push — analyzing, planning, trying to see it coming so you can control it. And on the other side, the thing you're escaping from — being rolled over, done, finished.\n\nCan you hold both at the same time? The urge to figure it out and stay in control — and the fear of being rolled over. Both at once, without choosing either.	2026-03-19 20:54:17.936016	1559	claude-sonnet-4-6	t	\N	\N	\N	1446	113	4619	30
321	36	user	yes, it's hard though	2026-03-19 20:54:58.582921	\N	\N	f	\N	\N	\N	\N	\N	\N	\N
322	36	assistant	Stay there. Don't choose. Just hold both.\n\nThe urge to control it on one side. The fear of being finished on the other. Both present at the same time.\n\nWhat happens in your chest when you hold them both without moving toward either?	2026-03-19 20:55:02.191443	951	claude-sonnet-4-6	t	\N	\N	\N	894	57	3970	19
323	36	user	the bracing lessons	2026-03-19 20:55:22.146112	\N	\N	f	\N	\N	\N	\N	\N	\N	\N
324	36	assistant	Stay with that. Don't rush past it.\n\nThe bracing is lessening — something is shifting. Just hold both forces a little longer. What do you notice now?	2026-03-19 20:55:25.749449	997	claude-sonnet-4-6	t	\N	\N	\N	958	39	4618	20
325	36	user	its dissolving	2026-03-19 20:55:42.57254	\N	\N	f	\N	\N	\N	\N	\N	\N	\N
326	36	assistant	Stay with that. No need to do anything with it.	2026-03-19 20:55:46.155499	1029	claude-sonnet-4-6	f	path_b	recurrence_normalization	recurrence_normalization	1003	26	4618	20
327	36	user	how long do I stay with that	2026-03-19 20:56:02.021737	\N	\N	f	\N	\N	\N	\N	\N	\N	\N
328	36	assistant	As long as it's still moving. Just notice what's here now — has the dissolving settled, or is it still shifting?	2026-03-19 20:56:05.103525	1067	claude-sonnet-4-6	f	stay	recurrence_normalization	recurrence_normalization	1028	39	4618	21
329	36	user	settled	2026-03-19 20:56:16.889125	\N	\N	f	\N	\N	\N	\N	\N	\N	\N
330	36	assistant	Good.\n\nThe layoffs, your boss, your daughter's school — look at it now. What do you see?	2026-03-19 20:56:21.620423	1090	claude-sonnet-4-6	t	\N	\N	\N	1062	28	4618	20
331	36	user	just shit. I can get another job. guess I was spiraling	2026-03-19 20:56:53.193437	\N	\N	f	\N	\N	\N	\N	\N	\N	\N
332	36	assistant	Same situation. More of it visible now.\n\nThe threat is still real — the layoffs, the pressure, all of it. But you're not seeing it through the bracing anymore. There's room to move.\n\nThe pattern will likely return — that's old conditioning, not failure. Each time both forces are held and the charge releases, the nervous system learns there was never a target. That unfolds on its own.\n\nWhat's present for you right now — without explaining it?	2026-03-19 20:56:57.182675	1220	claude-sonnet-4-6	f	advance	recurrence_normalization	complete	1107	113	4618	26
333	36	user	what is presentnow without explaining- that makes no sense to me	2026-03-19 20:57:40.709474	\N	\N	f	\N	\N	\N	\N	\N	\N	\N
334	36	assistant	Fair enough. How charged does it feel now, compared to the 8 you came in with?	2026-03-19 20:57:43.79205	1252	claude-sonnet-4-6	t	\N	\N	\N	1228	24	3970	21
335	36	user	4	2026-03-19 20:57:53.758247	\N	\N	f	\N	\N	\N	\N	\N	\N	\N
336	36	assistant	Came in at 8, leaving at 4. The situation hasn't changed — the layoffs, the presentation, your daughter's school. But you're seeing it with wider eyes than when you walked in.\n\nThat's enough for now.	2026-03-19 20:57:57.554661	1322	claude-sonnet-4-6	f	path_b	complete	complete	1257	65	4224	25
337	36	user	wow, you ended it with an ending, well done	2026-03-19 20:58:23.967493	\N	\N	f	\N	\N	\N	\N	\N	\N	\N
338	36	assistant	Thanks for staying with it. That was real work.	2026-03-19 20:58:27.689447	1350	claude-sonnet-4-6	f	path_b	complete	complete	1325	25	4224	23
339	36	user	any fart jokes	2026-03-19 20:58:48.317422	\N	\N	f	\N	\N	\N	\N	\N	\N	\N
340	36	assistant	A man walks into a job interview. The interviewer says, "We're looking for someone responsible." Man says, "That's me — every time something went wrong at my last job, they said I was responsible."\n\nCome back when something's live.	2026-03-19 20:58:52.307077	1411	claude-sonnet-4-6	f	stay	complete	complete	1346	65	4224	26
\.


--
-- Data for Name: session_outcomes; Type: TABLE DATA; Schema: public; Owner: neondb_owner
--

COPY public.session_outcomes (id, session_id, ending_type, re_examination_ran, re_examination_response, field_widening_detected) FROM stdin;
\.


--
-- Data for Name: sessions; Type: TABLE DATA; Schema: public; Owner: neondb_owner
--

COPY public.sessions (id, user_id, created_at, updated_at, conversation_phase, perceptual_state, opening_problem, entry_charge, exit_charge, evasion_count, signal_retry, reflection_email_sent, titration_cycles) FROM stdin;
29	2	2026-03-19 14:09:42.536866	2026-03-19 14:09:42.856586	mirror	\N	\N	\N	\N	0	f	f	0
6	1	2026-03-13 15:40:49.522129	2026-03-13 15:46:38.778882	pointer	\N	the web app I am building- the bugs are getting irritating	\N	\N	2	f	f	0
5	1	2026-03-13 15:14:10.471854	2026-03-13 15:25:48.522984	complete	path_a	I am nervous my book won't sell and my app	\N	\N	3	f	f	0
7	1	2026-03-13 16:13:36.699346	2026-03-13 16:13:37.013729	mirror	\N	\N	\N	\N	0	f	f	0
1	1	2026-03-12 20:08:28.652666	2026-03-12 20:27:54.596361	complete	path_a	I feel anxious about a work decision.	\N	\N	3	f	f	0
2	1	2026-03-13 11:52:58.99041	2026-03-13 11:52:59.312603	mirror	\N	\N	\N	\N	0	f	f	0
3	1	2026-03-13 11:53:11.131999	2026-03-13 11:53:11.434606	mirror	\N	\N	\N	\N	0	f	f	0
8	1	2026-03-13 16:14:05.219458	2026-03-13 16:14:05.509994	mirror	\N	\N	\N	\N	0	f	f	0
9	1	2026-03-13 16:18:03.89354	2026-03-13 16:18:04.20909	mirror	\N	\N	\N	\N	0	f	f	0
10	1	2026-03-13 16:19:21.933502	2026-03-13 16:19:22.23003	mirror	\N	\N	\N	\N	0	f	f	0
30	2	2026-03-19 15:54:50.758575	2026-03-19 16:08:43.447459	activation_check	\N	I gave a presentation to my boss, and he seemed like he didn't like it, and that makes me scared for losing my job	8	\N	0	f	f	0
11	1	2026-03-13 16:46:54.028088	2026-03-13 16:54:40.2541	pointer	\N	lots of frustration building the billing of my app. it should have nbeen simple but not	9	\N	1	f	f	0
12	1	2026-03-13 17:31:57.329478	2026-03-13 17:31:57.653023	mirror	\N	\N	\N	\N	0	f	f	0
4	1	2026-03-13 14:31:27.02288	2026-03-13 14:51:36.286907	complete	path_a	I'm nervous of starting my life again after a hiatus after taking time off to do my MSSE and write my book	\N	\N	3	f	f	0
13	1	2026-03-13 18:19:21.593121	2026-03-13 18:19:21.903268	mirror	\N	\N	\N	\N	0	f	f	0
31	2	2026-03-19 16:08:55.519713	2026-03-19 16:09:28.333704	mirror	\N	that my boss didn't like my presentation in front of a customer today	\N	\N	0	f	f	0
32	2	2026-03-19 16:09:40.226193	2026-03-19 16:10:08.455239	mirror	\N	that my boss didn't like my presentation today	\N	\N	0	f	f	0
14	1	2026-03-13 18:45:22.320569	2026-03-13 18:46:08.689948	mirror	\N	my boss drives me nuts. and I can't do anything about it or i will be fired	\N	\N	0	f	f	0
15	1	2026-03-13 18:59:00.865927	2026-03-13 18:59:01.174193	mirror	\N	\N	\N	\N	0	f	f	0
16	1	2026-03-13 19:10:58.949339	2026-03-13 19:10:59.252121	mirror	\N	\N	\N	\N	0	f	f	0
17	1	2026-03-14 12:09:33.513972	2026-03-14 12:09:33.830274	mirror	\N	\N	\N	\N	0	f	f	0
18	1	2026-03-17 14:48:38.302973	2026-03-17 14:48:38.693407	mirror	\N	\N	\N	\N	0	f	f	0
19	1	2026-03-17 14:48:58.200792	2026-03-17 14:48:58.499923	mirror	\N	\N	\N	\N	0	f	f	0
20	1	2026-03-17 22:26:00.072644	2026-03-17 22:26:00.398859	mirror	\N	\N	\N	\N	0	f	f	0
21	1	2026-03-17 22:26:28.691833	2026-03-17 22:26:28.999775	mirror	\N	\N	\N	\N	0	f	f	0
22	2	2026-03-18 18:32:45.805693	2026-03-18 18:32:46.152827	mirror	\N	\N	\N	\N	0	f	f	0
23	1	2026-03-18 20:04:55.163983	2026-03-18 20:04:55.472325	mirror	\N	\N	\N	\N	0	f	f	0
24	2	2026-03-18 22:15:51.525803	2026-03-18 22:15:51.841543	mirror	\N	\N	\N	\N	0	f	f	0
25	2	2026-03-18 22:32:40.270437	2026-03-18 22:32:40.6053	mirror	\N	\N	\N	\N	0	f	f	0
26	3	2026-03-19 09:43:31.198505	2026-03-19 09:43:31.504992	mirror	\N	\N	\N	\N	0	f	f	0
27	2	2026-03-19 10:56:18.760302	2026-03-19 10:56:19.075464	mirror	\N	\N	\N	\N	0	f	f	0
28	2	2026-03-19 13:44:42.89784	2026-03-19 13:44:43.221486	mirror	\N	\N	\N	\N	0	f	f	0
36	1	2026-03-19 20:45:06.973269	2026-03-19 20:58:52.307077	complete	path_a	my boss didn't like my prtesentation	8	\N	3	f	t	0
33	2	2026-03-19 16:26:52.541965	2026-03-19 16:27:19.142272	mirror	\N	My boss didn't seem to like my client presentation today	\N	\N	0	f	f	0
34	2	2026-03-19 16:38:47.697881	2026-03-19 17:18:18.365507	complete	path_a	My boss didn't seem to like my client presentation today	8	\N	3	f	t	0
35	1	2026-03-19 20:19:54.354719	2026-03-19 20:19:54.650061	mirror	\N	\N	\N	\N	0	f	f	0
\.


--
-- Data for Name: users; Type: TABLE DATA; Schema: public; Owner: neondb_owner
--

COPY public.users (id, email, created_at, subscription_status, capacity_remaining, capacity_reset_date, trial_ends_at, stripe_customer_id, disclaimer_acknowledged) FROM stdin;
2	mharriscdn@yahoo.com	2026-03-18 18:24:32.53994	trial	4003	\N	2026-03-25 18:24:32.53994	\N	f
3	mharris@insightdemand.com	2026-03-19 09:43:19.988487	trial	4990	\N	2026-03-26 09:43:19.988487	\N	f
1	mharriscdn@gmail.com	2026-03-12 20:08:25.252558	trial	4382	\N	2026-03-25 20:04:44.581382	cus_UAl8ay1fSBUKtJ	f
\.


--
-- Name: replit_database_migrations_v1_id_seq; Type: SEQUENCE SET; Schema: _system; Owner: neondb_owner
--

SELECT pg_catalog.setval('_system.replit_database_migrations_v1_id_seq', 7, true);


--
-- Name: magic_link_tokens_id_seq; Type: SEQUENCE SET; Schema: public; Owner: neondb_owner
--

SELECT pg_catalog.setval('public.magic_link_tokens_id_seq', 21, true);


--
-- Name: messages_id_seq; Type: SEQUENCE SET; Schema: public; Owner: neondb_owner
--

SELECT pg_catalog.setval('public.messages_id_seq', 340, true);


--
-- Name: session_outcomes_id_seq; Type: SEQUENCE SET; Schema: public; Owner: neondb_owner
--

SELECT pg_catalog.setval('public.session_outcomes_id_seq', 1, false);


--
-- Name: sessions_id_seq; Type: SEQUENCE SET; Schema: public; Owner: neondb_owner
--

SELECT pg_catalog.setval('public.sessions_id_seq', 36, true);


--
-- Name: users_id_seq; Type: SEQUENCE SET; Schema: public; Owner: neondb_owner
--

SELECT pg_catalog.setval('public.users_id_seq', 3, true);


--
-- Name: replit_database_migrations_v1 replit_database_migrations_v1_pkey; Type: CONSTRAINT; Schema: _system; Owner: neondb_owner
--

ALTER TABLE ONLY _system.replit_database_migrations_v1
    ADD CONSTRAINT replit_database_migrations_v1_pkey PRIMARY KEY (id);


--
-- Name: magic_link_tokens magic_link_tokens_pkey; Type: CONSTRAINT; Schema: public; Owner: neondb_owner
--

ALTER TABLE ONLY public.magic_link_tokens
    ADD CONSTRAINT magic_link_tokens_pkey PRIMARY KEY (id);


--
-- Name: messages messages_pkey; Type: CONSTRAINT; Schema: public; Owner: neondb_owner
--

ALTER TABLE ONLY public.messages
    ADD CONSTRAINT messages_pkey PRIMARY KEY (id);


--
-- Name: session_outcomes session_outcomes_pkey; Type: CONSTRAINT; Schema: public; Owner: neondb_owner
--

ALTER TABLE ONLY public.session_outcomes
    ADD CONSTRAINT session_outcomes_pkey PRIMARY KEY (id);


--
-- Name: sessions sessions_pkey; Type: CONSTRAINT; Schema: public; Owner: neondb_owner
--

ALTER TABLE ONLY public.sessions
    ADD CONSTRAINT sessions_pkey PRIMARY KEY (id);


--
-- Name: users users_email_key; Type: CONSTRAINT; Schema: public; Owner: neondb_owner
--

ALTER TABLE ONLY public.users
    ADD CONSTRAINT users_email_key UNIQUE (email);


--
-- Name: users users_pkey; Type: CONSTRAINT; Schema: public; Owner: neondb_owner
--

ALTER TABLE ONLY public.users
    ADD CONSTRAINT users_pkey PRIMARY KEY (id);


--
-- Name: idx_replit_database_migrations_v1_build_id; Type: INDEX; Schema: _system; Owner: neondb_owner
--

CREATE UNIQUE INDEX idx_replit_database_migrations_v1_build_id ON _system.replit_database_migrations_v1 USING btree (build_id);


--
-- Name: idx_magic_token_unique; Type: INDEX; Schema: public; Owner: neondb_owner
--

CREATE UNIQUE INDEX idx_magic_token_unique ON public.magic_link_tokens USING btree (email, token_hash);


--
-- Name: idx_magic_tokens_email; Type: INDEX; Schema: public; Owner: neondb_owner
--

CREATE INDEX idx_magic_tokens_email ON public.magic_link_tokens USING btree (email);


--
-- Name: idx_users_stripe_customer; Type: INDEX; Schema: public; Owner: neondb_owner
--

CREATE INDEX idx_users_stripe_customer ON public.users USING btree (stripe_customer_id);


--
-- Name: messages messages_session_id_fkey; Type: FK CONSTRAINT; Schema: public; Owner: neondb_owner
--

ALTER TABLE ONLY public.messages
    ADD CONSTRAINT messages_session_id_fkey FOREIGN KEY (session_id) REFERENCES public.sessions(id);


--
-- Name: session_outcomes session_outcomes_session_id_fkey; Type: FK CONSTRAINT; Schema: public; Owner: neondb_owner
--

ALTER TABLE ONLY public.session_outcomes
    ADD CONSTRAINT session_outcomes_session_id_fkey FOREIGN KEY (session_id) REFERENCES public.sessions(id);


--
-- Name: sessions sessions_user_id_fkey; Type: FK CONSTRAINT; Schema: public; Owner: neondb_owner
--

ALTER TABLE ONLY public.sessions
    ADD CONSTRAINT sessions_user_id_fkey FOREIGN KEY (user_id) REFERENCES public.users(id);


--
-- Name: DEFAULT PRIVILEGES FOR SEQUENCES; Type: DEFAULT ACL; Schema: public; Owner: cloud_admin
--

ALTER DEFAULT PRIVILEGES FOR ROLE cloud_admin IN SCHEMA public GRANT ALL ON SEQUENCES TO neon_superuser WITH GRANT OPTION;


--
-- Name: DEFAULT PRIVILEGES FOR TABLES; Type: DEFAULT ACL; Schema: public; Owner: cloud_admin
--

ALTER DEFAULT PRIVILEGES FOR ROLE cloud_admin IN SCHEMA public GRANT ALL ON TABLES TO neon_superuser WITH GRANT OPTION;


--
-- PostgreSQL database dump complete
--

\unrestrict bXOFhiBtJ5bw1hYv2YzkFjwEIZZEP1VSuJd4UHIYrQiqpSb6iEgJp5s6gagxL9w

